job_id,employee_name,hire_date,department_id,job_id
1,Harold Vogt,2021-11-07 02:48:42,2,96
3,Lyman Hadye,2021-09-01 23:27:38,5,52
4,Lotti Crowthe,2021-10-01 13:04:21,12,71
5,Gretna Lording,2021-10-10 22:22:17,6,80
6,Marlow Antecki,2021-04-23 23:45:42,6,95
7,Joan Rillett,2021-10-10 01:33:31,9,78
8,Ulrick Nucciotti,2021-07-24 01:28:40,8,169
9,Lucretia Northcote,2021-04-01 21:22:47,9,8
10,Arty Giacobo,2022-02-08 12:27:07,6,62
11,Libbi Dowtry,2021-07-05 04:55:10,6,41
12,Jacky Oldred,2021-06-20 11:59:41,7,29
13,Raine Mowett,2021-12-23 08:23:34,8,83
14,Melonie Slocomb,2021-12-30 23:08:59,12,121
15,Robers Swinden,2021-02-16 20:00:38,5,47
16,Bone Serridge,2021-06-21 09:11:06,8,121
17,Andee Tillot,2021-04-01 10:28:22,8,65
18,Gay Philbin,2021-12-24 13:40:11,6,102
19,Loralie Dundin,2021-10-19 20:10:46,8,68
20,Tobi Lawton,2022-02-20 07:46:22,6,85
21,Mandel Nayer,2021-12-18 22:55:26,2,121
22,Toddy Gare,2021-12-05 18:00:50,5,25
23,Jeremias Goudy,2021-10-01 08:16:32,7,36
24,Lemar Aronsohn,2021-07-13 15:39:49,8,93
25,Tanner Jopling,2021-10-16 05:41:59,10,53
26,Bartolomeo Fetherstone,2021-02-07 09:03:49,5,65
27,Elvina Bycraft,2021-09-29 20:34:33,7,74
28,Letitia Bastin,2021-11-20 15:33:14,6,134
29,Warner Astbury,2021-08-30 17:22:09,6,67
30,Geri Pennings,2022-02-16 21:08:33,4,33
31,Jerald Gilder,2022-01-15 02:33:31,4,74
32,Wilt Di Francesco,2021-09-26 21:51:10,9,82
33,Aldwin Hellmore,2021-09-27 11:12:00,10,49
34,Corena Heritege,2021-05-08 01:43:42,4,31
35,Malchy Pontain,2022-02-20 10:39:43,11,178
36,Gasparo Ofen,2021-11-07 11:41:10,4,57
37,Nikkie Whinray,2021-12-30 05:37:33,7,114
38,Louisa Binion,2021-02-11 14:29:26,8,54
39,Brook Tant,2021-09-27 12:50:01,10,113
40,Cly Butt,2022-01-01 06:33:57,8,75
41,Jena Iacomi,2021-05-04 19:49:00,9,37
42,Pail Syne,2021-09-14 03:08:04,7,26
43,Agneta Rae,2021-09-29 12:36:18,3,51
44,Lanae Pedrozzi,2021-05-14 18:26:59,5,118
45,Gipsy Cabrera,2021-12-17 11:47:44,12,138
46,Philly Beecraft,2021-03-03 14:48:53,8,59
47,Jimmie Jack,2021-02-04 07:50:18,4,64
48,Lonee Hegden,2021-06-07 09:12:33,10,58
49,Annecorinne Verny,2021-05-08 23:05:13,9,140
50,Marybelle Henrichsen,2021-06-17 10:02:48,10,53
51,Moe Kender,2022-02-03 08:06:34,7,35
52,Trudie Arboin,2021-10-12 02:10:35,6,76
53,Rebbecca Bazely,2021-11-14 21:00:10,9,115
54,Bevin Battlestone,2021-11-13 08:29:11,7,53
55,Marielle Nasi,2022-02-02 00:11:54,10,34
56,Orelie Gauvin,2022-01-29 13:52:35,3,40
57,Meggie Dulwitch,2022-01-25 18:58:12,4,65
58,Elia D'Enrico,2021-08-29 23:24:48,11,38
59,Sharron Stammirs,2022-02-01 15:49:52,2,38
60,Washington Schleswig-Holstein,2022-01-30 11:38:20,5,91
61,Artemus Featherby,2021-02-26 22:38:18,4,128
62,Lou Hurd,2021-10-14 19:06:01,5,96
63,Tanhya Ort,2021-06-15 06:17:11,7,104
64,Florella Haquin,2022-02-11 06:39:40,7,61
65,Saundra Franzini,2021-12-29 01:42:44,5,51
66,Redford Rilton,2021-04-13 22:51:46,10,75
67,Thia Morican,2021-03-10 19:27:10,,104
68,Perceval MacLice,2021-03-16 20:21:07,5,15
69,Sidoney Ciobutaru,2021-03-08 09:28:55,7,123
70,Ted Dungay,2021-08-09 20:13:21,4,95
71,Brandea Sinott,2021-12-11 01:47:11,12,72
72,Judy Chifney,2021-10-22 18:48:13,10,61
73,Matthus Szymanzyk,2021-04-26 04:21:25,7,3
74,Wilma Duplain,2021-02-21 08:24:12,5,87
75,Xylia Furlow,2021-10-12 17:24:25,8,60
76,Carver Kirman,2022-01-28 17:32:21,4,121
77,Fayette Prati,2021-07-29 08:29:27,7,78
78,Christalle Constantine,2021-10-04 21:24:21,7,161
79,Ashley Dickey,2021-10-24 01:04:52,10,67
80,Angelika Stock,2022-02-12 23:11:53,6,163
81,Caril Bewsey,2022-01-22 05:56:43,1,73
82,Lief Bridgeman,2021-05-25 00:35:53,12,25
83,Barth Bere,2021-09-22 21:50:08,9,90
84,Ludvig Norwood,2021-02-26 18:47:53,3,
85,Dev Ingleson,2021-07-01 15:47:16,7,90
86,Vinnie Andri,2021-10-31 08:53:54,4,51
87,Cirstoforo Martinetto,2021-10-15 09:19:20,,84
88,Rosabelle Sterzaker,2021-03-12 14:32:57,5,124
89,Rodrique Fearnehough,2021-12-01 13:30:50,4,57
90,Germana Bote,2021-05-30 17:02:38,4,48
91,Rolf Tythacott,2021-04-16 15:32:45,5,76
92,Floria Peniello,2021-12-24 08:38:29,4,81
93,Belinda Savaage,2021-06-04 09:39:59,4,48
94,Zachariah Comberbach,2021-10-01 16:14:13,5,150
95,Lowell Woollin,2021-05-17 18:22:06,8,95
96,Creight Rutter,2021-06-29 23:57:57,7,76
97,Beltran Natte,2021-11-01 05:12:01,,67
98,Colman Casale,2021-10-12 17:55:32,10,64
99,Marlo Tott,2021-05-18 00:45:21,8,29
100,Karita Kettlestringes,2021-06-19 03:14:14,7,99
101,Jenn Fumagallo,2021-09-19 04:46:12,7,80
102,Ogden Ough,2021-03-29 19:31:33,7,138
103,Cathy Blundin,2021-07-29 08:55:15,7,66
104,Wenda Kaes,2021-11-21 13:03:25,4,68
105,Jewelle Mathis,2021-08-13 11:18:32,12,66
106,Jasper Matterdace,2021-07-13 06:34:38,8,68
107,Welby Crocumbe,2021-09-04 16:39:58,4,107
108,Marlie Gannicott,2021-08-15 15:50:29,6,24
109,Bethanne Hurlin,2021-03-16 15:21:23,6,78
110,Renee Bridie,2021-08-31 20:26:32,4,17
111,Zsazsa Pash,2021-08-01 03:27:48,5,26
112,Brett Griffey,2021-06-11 05:54:00,5,103
113,Carlee Joyce,2021-10-02 19:35:28,4,52
114,Grady Conman,2021-04-27 09:27:22,3,63
115,Wilbert Cluer,2021-03-31 12:27:59,6,39
116,Ardys Pirozzi,2021-11-07 09:12:54,3,39
117,Putnem Lippiello,2021-04-23 19:34:46,8,72
118,Blondell Pybus,2021-04-30 04:32:07,11,38
119,Lucky Hadkins,2021-11-24 18:37:55,7,71
120,Brietta Gillmore,2021-05-24 04:35:22,2,41
121,Cristy Sockell,2021-07-30 11:31:36,8,48
122,Gnni Gudgin,2021-10-09 13:49:28,7,53
123,Alisha Headings,2022-01-30 20:44:35,9,89
124,Merrill Symons,2022-01-30 03:02:22,4,73
125,Gerri Baton,2021-02-05 01:06:53,8,54
126,Olly Tully,2021-09-01 18:16:34,7,62
127,Corinne Woofinden,2021-12-31 09:40:30,12,123
128,Reuven Chatto,2022-02-09 19:08:59,11,56
129,Stephana Gawthrop,2021-02-15 00:32:18,8,79
130,Ferris Hammerberger,2021-10-19 08:43:38,9,126
131,Angie McMurray,2021-10-23 18:14:59,7,149
132,Gypsy Baselio,2021-06-13 17:21:57,4,132
133,Jennine Wapol,2022-01-24 14:45:57,,49
134,Lacee O'Hingerty,2021-05-17 12:56:53,10,147
135,Foster Hobbing,2022-01-31 02:27:30,9,64
136,Meryl Kew,2021-04-20 12:03:35,6,84
137,Ichabod Maloney,2021-09-07 09:32:33,6,68
138,Conrad Stoad,2022-01-23 01:07:44,5,113
139,Celina Caris,2021-03-23 09:04:56,3,145
140,Putnam Dodd,2021-02-01 12:28:13,9,117
141,Marylin Brommage,2021-04-24 15:32:05,6,44
142,Reginald Folca,2021-03-19 23:47:07,8,80
143,Elston Millam,2021-04-28 17:36:53,5,43
144,Angel Andrzejczak,2022-01-29 22:53:00,9,69
145,Gretel Chittenden,2021-11-22 11:13:05,5,128
146,Deirdre Hiley,2021-08-25 02:07:11,7,111
147,Gaston Rayne,2021-09-29 15:22:40,6,50
148,Rourke Inchbald,2021-12-25 03:09:37,8,64
149,Katlin Haxby,2021-10-28 19:12:05,6,21
150,Valentia Kellegher,2021-11-13 13:30:30,4,51
151,Jarrett Oluwatoyin,2021-02-11 21:25:17,8,34
152,Kori Foxton,2021-04-10 14:02:38,5,95
153,Truman Garriock,2021-09-08 13:11:26,11,88
154,Lurette Erwin,2021-09-16 19:02:39,5,37
155,Jewel Valeri,2021-09-18 14:37:49,11,60
156,Mikel Searby,2021-05-08 14:39:59,8,54
157,Kellia Barribal,,4,61
158,Rube Dockerty,2021-07-25 12:54:20,4,62
159,Gayleen Beslier,2021-11-18 11:53:15,7,46
160,Sher Nolleau,2022-01-02 10:43:20,3,51
161,Nobe Mackrell,2021-09-16 06:31:59,8,130
162,nan,2021-04-22 14:31:39,4,91
163,Nerta Cutteridge,2021-06-23 22:38:42,7,68
164,Geraldine Playden,2022-02-14 06:05:35,7,47
165,Charleen Billin,2021-11-10 00:57:25,8,69
166,Hollis Goves,2021-08-17 13:58:25,9,69
167,Alexis Jamson,2021-03-18 00:15:36,4,102
168,Toinette Sammut,2021-04-17 07:54:48,7,93
169,Dannye Juszczak,2021-06-23 21:25:21,7,86
170,Kimberlyn Coule,2021-03-15 10:47:48,6,62
171,Charis Muzzini,2021-06-23 20:53:31,9,159
172,Roselle Leate,2021-03-19 02:20:30,9,83
173,Myra Corington,2021-02-16 15:44:56,6,13
174,Anetta Freeborn,2021-10-23 09:14:19,2,49
175,Billy Odams,2021-02-13 21:13:22,1,59
176,Barbie Alabaster,2021-12-26 12:44:34,7,60
177,Ardella Schwartz,2021-08-25 11:50:02,3,97
178,Petronilla Ashpital,2021-07-17 13:36:02,4,41
179,Wolfy Leicester,2021-02-11 23:08:12,1,137
180,Siobhan Backen,2021-03-26 19:07:15,7,83
181,Joeann Chowne,2022-02-16 01:58:18,10,42
182,Renell Iacovelli,2021-11-21 12:05:45,3,116
183,Peyton Yaus,2021-05-16 20:39:06,9,71
184,Alanson Dunne,2021-12-11 21:21:26,10,74
185,Ryley Ruit,2022-02-04 13:21:15,8,128
186,Claudelle Peele,2021-03-10 19:24:19,7,54
187,Janna Forsey,2021-05-09 23:57:00,5,57
188,Regen Presswell,2021-05-03 12:35:40,10,88
189,Donny Ortiga,2021-07-28 02:43:27,6,77
190,Amalia Vinall,2021-03-05 01:38:06,6,136
191,Caldwell Dunniom,2021-08-16 12:41:01,8,48
192,Olia Kleinhaus,2021-07-14 22:42:33,11,87
193,Sarita Lemmertz,2021-07-31 14:14:42,9,36
194,Lonny Duggan,2021-04-19 15:31:46,10,81
195,Jordain Reardon,2021-08-13 09:22:18,8,40
196,Harriot Kenaway,2021-03-28 14:14:16,6,75
197,Mellie Dilrew,2021-11-04 19:52:29,8,16
198,Carline Fryman,2021-05-29 00:23:02,5,
199,Fields Huby,2021-04-16 09:51:56,5,72
200,Erick Grundey,2021-06-21 04:58:15,2,48
201,Brien Richardin,2022-01-08 16:31:01,5,92
202,Irving Saenz,2021-09-14 13:36:33,8,21
203,Kienan Kinghorne,2021-10-23 20:14:55,7,65
204,Dana Elby,2021-06-05 12:30:23,7,127
205,Phillis Burgot,2022-01-09 07:06:46,4,77
206,Osbourne Bernadot,2021-10-28 21:39:48,5,56
207,Ahmad Fader,2021-05-03 04:57:25,,66
208,Rasia Dimitriev,2022-01-13 03:39:23,3,88
209,Tova Ostridge,2021-08-18 00:22:54,3,41
210,Babita Grigorkin,2021-04-23 23:35:06,9,90
211,Berny Daber,2021-08-14 23:50:27,3,27
212,Alan Barhims,2021-03-22 23:08:28,2,143
213,Brody Bothen,2021-09-21 22:27:13,5,92
214,Hermann Brisson,2021-06-06 15:24:32,10,142
215,Ewart Temblett,2021-07-06 08:31:04,10,15
216,Theobald Tzarkov,2022-01-26 14:56:48,,87
217,Marleen Huc,2021-07-17 02:47:30,9,38
218,Stephie McCudden,2021-11-12 03:24:03,8,120
219,Malorie Broggini,2021-09-05 10:03:56,5,84
220,Aile Greatham,2021-09-26 01:50:27,9,125
221,Valentia McFee,2021-11-04 05:01:46,4,59
222,Blakelee Jell,2021-05-21 10:52:28,5,115
223,Malvina Camelli,2021-03-03 05:07:46,1,83
224,Hirsch Jeffrey,2021-02-13 08:05:59,3,83
225,Barnabas Cockell,2021-05-28 22:29:20,4,33
226,Hedy De Gregoli,2021-07-19 07:29:36,4,117
227,Jeramey Pyson,2021-04-03 20:14:34,1,43
228,Jobi Muncie,2021-04-07 07:19:06,7,113
229,Luke Nickols,2021-09-07 18:22:38,10,61
230,Arley Stroton,2022-02-10 20:46:33,2,97
231,Daisie Branchet,2021-10-24 07:07:44,6,21
232,Zach Gallelli,2021-07-26 16:45:07,3,107
233,Tony Hayball,2021-02-15 19:56:57,6,109
234,Allys Lindenstrauss,2021-03-18 21:54:34,9,126
235,Renae Scragg,2021-02-13 18:41:07,10,52
236,Bald Ordemann,2021-08-04 06:14:18,2,58
237,Lynda Lehmann,2021-10-19 11:39:00,4,66
238,Odilia Bettles,2022-01-28 13:42:03,6,55
239,Lucretia Ungaretti,2021-02-06 11:44:17,7,30
240,Shandy Blindermann,2021-08-03 02:54:07,10,36
241,Benedetto Ropking,2021-09-30 01:01:01,9,19
242,Francesca Jeffree,2021-03-17 06:37:56,10,117
243,Juliet MacGebenay,2021-05-19 07:44:26,9,116
244,Elspeth Smalls,2021-11-19 16:41:34,5,57
245,Lemuel Thrush,2022-01-07 16:23:36,11,46
246,Neddy O'Garmen,2021-06-29 18:44:50,1,85
247,Lyle Gages,2021-09-25 23:27:53,5,117
248,Hanni Ruit,2021-04-08 19:47:24,7,33
249,Katherina Bundock,2021-11-13 10:19:05,5,45
250,Ruben Pevreal,2021-05-07 15:58:27,7,152
251,Livia Casper,2021-09-30 10:58:09,8,43
252,Merrily Lorey,2021-08-30 19:20:06,8,68
253,Ignacio Warlowe,2021-12-23 22:56:15,3,48
254,Auberta Ingrem,2021-11-10 02:40:56,6,55
255,Doro Diem,2021-04-20 08:43:40,9,73
256,Jobyna Halburton,2021-06-17 17:53:43,9,70
257,Bernie Sushams,2021-06-26 06:36:44,10,121
258,Christabella Chanders,2021-12-27 03:41:35,9,145
259,Lamont Tothe,2021-07-20 01:47:11,6,81
260,Gweneth Allcock,2022-01-27 23:22:52,5,87
261,Barny Arghent,2021-07-22 21:10:35,4,61
262,Anthe Cowderay,2022-01-03 15:24:31,3,125
263,Eldredge Behnecken,2021-06-25 00:23:17,1,101
264,Gui Coogan,2021-06-06 09:21:20,8,30
265,Verile Halliburton,2021-10-11 10:53:38,2,68
266,Michale Goodwins,2021-12-12 09:09:25,10,84
267,Curran Ettels,2021-02-23 08:39:44,10,80
268,Arin Ribeiro,2021-11-03 22:53:42,9,20
269,Garvey Yandell,2021-09-27 16:01:02,2,82
270,Shellie Hastilow,2021-12-01 03:30:27,6,61
271,Jasmin Greeve,2021-11-16 06:25:45,12,45
272,Ashly Janczak,2021-09-09 17:05:03,3,62
273,Lorry Cluely,2021-02-05 02:01:57,9,112
274,Lenee Barzen,2021-08-13 13:17:25,4,70
275,Trevor De Lascy,2021-07-12 04:33:16,7,126
276,Amandi Forst,2022-02-09 22:55:47,7,85
277,Abagael Tomasek,2021-08-17 02:23:18,4,158
278,Ddene Bernardin,2021-08-16 02:41:54,6,157
279,Phaidra Killingworth,2021-10-25 12:19:32,6,45
280,Zoe Coulston,2022-01-21 16:05:53,6,38
281,Ellerey Smithin,2021-05-27 20:40:59,2,61
282,Maudie Sommerlin,2021-04-09 20:31:22,7,73
283,Betti Meran,2021-09-28 17:47:54,5,87
284,Sile Alexsandrev,2021-10-25 03:10:45,1,66
285,Ardeen Tures,2021-05-13 10:34:48,6,79
286,Frances Flemmich,2022-01-31 11:35:28,10,134
287,Dniren Raison,2022-01-22 22:03:49,4,60
288,Katerine Bazeley,2022-02-09 05:26:37,9,80
289,Hetti Narraway,2021-06-20 01:05:56,3,24
290,Cassandre Froude,2021-10-15 10:36:55,5,33
291,Chuck Frankiss,2021-06-07 04:46:33,6,79
292,Brice Johansson,2021-04-08 01:49:32,10,120
293,Arvie Angeau,2021-06-08 21:59:00,8,67
294,Claretta Sloegrave,2021-11-01 22:58:21,2,46
295,Marylou Burrell,2021-11-21 03:14:06,7,84
296,Alfred Saintpierre,2021-05-11 10:12:02,4,13
297,Jarvis Pennings,2021-10-03 22:12:05,5,81
298,Chrysler Frudd,2021-11-02 11:26:37,5,66
299,Jerrilee Bineham,2022-01-06 11:26:31,8,85
300,Saidee Bassett,2021-05-25 18:08:38,3,73
301,Anders Ralston,2021-10-20 07:04:25,5,33
302,Arlene Ferroli,2021-10-15 20:42:15,10,18
303,Hillary Dudenie,2021-09-18 03:12:35,6,109
304,Tildie Julien,2021-09-29 14:02:27,5,62
305,Waneta Dyhouse,2021-10-17 00:35:10,5,124
306,Norby Folkerts,2021-04-11 21:16:34,3,100
307,Danell Poynser,2021-02-10 17:49:24,3,36
308,Rodrigo Thornbarrow,2021-06-09 03:07:49,7,45
309,Aleen Veasey,2021-03-18 13:39:20,8,102
310,Revkah Willans,2022-01-14 02:57:43,6,158
311,Ursulina Curner,2021-12-10 03:22:45,5,113
312,Valma Kruger,2021-03-13 03:20:40,5,44
313,Roberta Kensitt,2021-12-17 19:55:17,3,71
314,Luciano Friman,2021-08-17 07:04:16,11,62
315,Beverie Verralls,2022-02-12 00:42:13,3,72
316,Tades Pezey,2021-11-27 22:47:12,4,53
317,Cammy Liffey,2021-03-03 01:53:49,4,81
318,Mimi Seymour,2021-03-12 15:25:05,10,55
319,Wilt Jagoe,2021-03-02 10:23:45,5,40
320,Artemas Balmer,2021-08-29 21:05:17,4,141
321,Darleen Cranna,2021-03-10 23:33:27,7,68
322,Johnath Fake,2021-03-26 23:44:34,6,41
323,Erv Hubane,2021-05-03 12:04:54,1,14
324,Janna Malitrott,2021-08-18 18:53:09,6,51
325,Abe Bennedick,2021-03-16 08:32:34,5,25
326,Carlota McCrae,2021-06-25 09:36:48,6,40
327,Kevina Collip,2022-01-26 21:24:00,6,72
328,Grace McAless,2021-05-02 04:55:20,2,60
329,Gale Cholwell,2021-09-21 23:24:14,5,80
330,Timotheus Jouannisson,2022-02-16 16:04:14,6,86
331,Darleen Ulyatt,2021-03-01 17:01:05,9,109
332,Nancey Ford,2021-11-24 16:57:25,8,141
333,Margot Francillo,2022-02-07 20:42:17,9,100
334,Tina Sarver,2021-09-03 01:13:49,11,42
335,Arline Athow,2021-08-18 09:04:01,7,48
336,Morissa Habberjam,2021-04-14 04:04:56,6,92
337,Rosemarie Sofe,2021-11-07 08:25:36,1,124
338,Ravid Pigney,2021-10-18 05:23:29,8,68
339,Penelopa Bransby,2021-10-25 07:38:11,10,76
340,nan,2022-01-13 21:09:49,4,45
341,Bordy Greenman,2021-05-27 03:29:36,6,61
342,Nathanil Conry,2022-02-11 16:30:12,5,71
343,Celestina Eate,2022-01-28 10:57:28,8,29
344,Christen Gilbane,2021-10-11 13:02:28,9,105
345,Corenda Dubbin,2021-03-06 14:32:27,1,136
346,Iris Cariss,2021-06-19 14:35:51,7,75
347,Sumner Gladdis,2022-01-22 09:29:43,7,77
348,Benny Bachelor,2021-04-05 09:33:59,6,47
349,Winona Dudhill,2021-04-28 23:14:25,8,95
350,nan,2021-07-13 23:34:40,10,86
351,Weston Rouchy,2021-10-29 06:10:25,1,26
352,Eunice Sherbrooke,2022-01-14 13:27:30,9,106
353,Raul Farbrace,2021-10-05 11:28:11,8,57
354,Cobby Solomon,2021-10-03 06:03:40,5,28
355,Carina Libreros,2021-08-02 02:46:45,5,22
356,Johnnie Middle,2021-07-06 19:13:15,3,44
357,Jocelyne Elphinstone,2021-10-14 06:00:13,5,101
358,Kaycee Hounsom,2021-05-20 08:08:48,8,37
359,Justine Yurkevich,2021-04-01 15:30:36,8,148
360,Killy Dracey,2021-04-26 17:23:42,6,31
361,Ike Forgie,2021-06-08 15:10:58,6,16
362,Melodee Suckling,2021-09-28 18:37:19,5,65
363,Cassi Woodard,2021-10-28 21:33:54,6,21
364,Ora Giovanizio,2021-07-07 13:26:49,3,58
365,Fredelia Fendt,2021-10-22 13:11:20,7,98
366,Renee Stoddard,2021-12-30 01:29:43,4,72
367,Ellary Benasik,2021-09-04 02:00:37,5,153
368,Rustie O'Leahy,2021-08-03 22:04:17,3,60
369,Jennifer Walkey,2021-09-08 17:25:22,10,68
370,Luciana Lindenberg,2022-01-17 10:52:25,3,35
371,King Benjamin,2022-01-20 02:23:10,9,113
372,Gabriele Carcas,2022-01-02 14:58:58,6,50
373,Leisha Uccelli,2021-10-15 07:27:54,6,114
374,Far Janicek,2021-08-28 05:42:26,9,56
375,Tracey Cleve,2021-07-23 20:51:44,6,118
376,Gwenore Hallowes,2021-05-05 21:46:04,4,23
377,Guendolen Castro,2021-05-11 10:27:43,8,164
378,Toni Hadleigh,2021-04-29 13:28:25,8,34
379,Ruth Reilly,2021-11-16 08:24:18,6,128
380,Grantley Burnyate,2021-11-12 10:44:41,5,73
381,Stormi Leber,2021-03-30 18:21:20,9,116
382,Bowie Ramsden,2021-10-09 07:33:53,5,59
383,Emmott Blaber,2021-03-05 20:54:52,8,67
384,Milicent Kerner,2021-12-05 16:16:42,11,121
385,Francine Youings,2021-02-13 04:55:49,6,38
386,Hattie Cramphorn,2021-10-11 09:49:28,5,48
387,Dex MacMakin,2021-03-15 16:40:34,6,40
388,Bo Robion,2021-05-05 12:25:44,4,61
389,Emmalynne Smither,2021-11-07 10:31:09,11,76
390,Harp Mayze,2021-04-20 06:26:16,2,61
391,Rania Brend,2021-11-29 22:31:08,10,30
392,Cris Trytsman,2021-04-08 11:54:11,7,124
393,Bogey Hanwell,2022-01-05 17:29:34,6,
394,Latrena Brownbill,2021-07-03 23:56:41,9,72
395,Saidee Haddock,2021-07-15 10:51:30,5,14
396,Melisandra Scopyn,2021-09-28 09:56:07,9,18
397,Lefty Checcucci,2021-09-29 16:34:41,2,59
398,Kaitlin Gamlen,2021-04-21 09:15:22,11,11
399,Brose De Michele,2021-10-15 00:32:44,7,97
400,Babita Rusted,2021-04-14 03:05:16,12,76
401,Kori Twinbourne,2021-07-26 12:54:13,10,106
402,Hasty Slipper,2021-04-03 07:11:50,5,108
403,Fergus Weaben,2021-08-06 04:46:14,11,67
404,Chet Ribeiro,2021-12-30 10:03:59,6,97
405,Reyna Yatman,2021-03-16 23:50:52,10,54
406,Isador Martensen,2021-11-25 11:53:35,6,84
407,Doris Summersett,2021-10-11 22:27:53,10,77
408,Bonnibelle Dionsetto,2021-06-13 09:09:27,10,47
409,Annabela Draude,2021-06-27 14:27:18,7,76
410,Vally Kinnard,2021-03-21 18:25:49,3,101
411,Dominic Wornum,2021-02-21 23:15:04,4,36
412,Anna Antalffy,2021-10-10 01:28:17,9,174
413,Berna Jeffrey,2021-08-02 13:21:07,10,53
414,Anderea Penhallurick,2021-09-24 20:26:16,6,71
415,Kari Dimmer,2021-09-02 02:27:38,9,88
416,Jacquette Plumridge,2021-02-05 01:17:13,9,48
417,Jeannette Aizikov,2021-12-25 02:47:28,6,115
418,Gilberta Rippingale,2022-02-12 09:56:21,3,64
419,Hayward Kropp,2021-11-27 00:10:20,3,95
420,Devon Nutty,2021-10-19 18:48:33,4,163
421,Merna Chaimson,2021-02-13 09:52:15,6,50
422,Monika Lamperd,2021-11-20 10:29:25,6,78
423,Rozelle Cullingworth,2021-08-08 01:23:27,4,66
424,Jeana Costanza,2021-07-31 00:51:12,2,96
425,Brenn Novis,2021-03-05 08:31:17,8,63
426,Trumaine Danjoie,2021-03-12 13:18:26,3,78
427,Tara Mertel,2021-06-23 22:34:51,5,81
428,Kristofor Elfitt,2021-05-12 20:37:50,10,36
429,Ashbey Olczyk,2021-03-29 08:49:43,5,79
430,Zed Daymont,2021-08-31 05:39:43,1,56
431,Vyky Parren,2021-09-16 07:21:28,10,51
432,Jerrine Clapperton,2022-01-20 22:47:27,10,45
433,Aarika Britton,2021-11-04 23:49:53,6,56
434,Bernadina Catlette,2021-09-11 00:27:03,3,162
435,Eleanora Dootson,2021-10-10 03:18:10,11,58
436,Chanda Cresser,2021-10-20 12:39:47,9,144
437,Alwin Erdis,2021-08-28 21:30:46,10,73
438,Nanine Bertome,2021-09-21 11:01:18,8,58
439,Florie Allchin,2021-11-27 14:14:20,8,13
440,Oren Geaveny,2021-04-30 15:56:51,4,79
441,Irwin Beaulieu,2021-09-08 15:10:49,5,57
442,Hale Oleszcuk,2021-02-07 17:53:58,8,41
443,Cherey Iacopini,2022-01-18 23:00:54,8,64
444,Jacenta Cullnean,2021-09-21 15:57:18,5,93
445,Gilles Houdhury,2021-09-09 23:54:01,3,113
446,Risa Simek,2021-11-18 21:46:42,2,50
447,Midge Delacour,2021-10-28 15:25:45,7,84
448,Greg Dorie,2021-04-01 04:19:05,1,47
449,Emory Nobes,2021-03-16 06:56:02,2,83
450,Loise Bartens,2021-08-30 21:22:26,10,49
451,Avrit Barrett,2021-02-24 02:15:31,2,54
452,Truman Davidman,2021-02-09 16:22:58,8,60
453,Liz McCaghan,2022-02-10 03:35:50,7,93
454,Gilda Rudolfer,2021-12-20 16:14:04,4,61
455,Rodge Seston,2022-01-30 00:17:44,5,60
456,Rivi Van der Merwe,2021-03-31 09:56:30,7,27
457,Marcelline Masding,2021-11-20 06:31:58,4,39
458,Norean Foker,2021-12-04 17:35:48,1,19
459,Maisey Markie,2021-03-18 17:03:53,8,46
460,Melva Goodge,2021-02-24 04:11:44,9,53
461,Alfi Keepe,2021-10-31 02:58:11,5,81
462,Correna Samter,2021-03-02 12:02:36,1,40
463,Shell Castleman,2022-01-04 17:20:18,3,31
464,Fanchette Sowrah,2021-08-26 12:16:02,11,71
465,Hamnet Wooldridge,2022-01-24 07:09:01,8,70
466,Chandler Amesbury,2021-10-09 22:10:46,7,87
467,Sully Kubicki,2021-05-11 21:57:40,4,58
468,Leela Mowatt,2021-05-25 08:41:00,8,72
469,Shelby Reaveley,2022-01-14 23:53:12,8,108
470,Lianne Huxton,2021-02-08 00:15:19,7,94
471,Ethelda Owbrick,2021-02-07 23:47:52,8,60
472,Payton Palmer,2021-11-05 03:06:42,10,43
473,Berk Stennes,2021-04-22 07:55:22,7,84
474,Calhoun Pester,2021-03-06 03:02:20,7,107
475,Lebbie Ruberry,2021-10-25 18:25:28,8,94
476,Friedrich Loton,2021-04-18 12:50:40,9,56
477,Loella Cudiff,2021-02-08 09:30:15,3,64
478,Tersina Shackelton,2021-11-03 20:59:18,8,81
479,Doria Buard,2021-06-15 16:20:40,5,75
480,Brena Issatt,2021-05-29 11:44:01,8,36
481,Eileen Spikeings,2021-08-05 14:24:07,7,75
482,Emmalynn Robilliard,2021-12-08 16:54:02,8,96
483,Paco Truter,2021-06-12 09:00:44,5,68
484,Arlene Piletic,2021-12-19 14:53:27,2,90
485,Hill Oakeby,2022-02-14 23:50:27,1,95
486,Joanie Janjusevic,2021-05-02 09:50:24,6,93
487,Fanechka Cescon,2021-02-13 07:59:01,6,104
488,Samantha Mundie,2021-09-11 11:12:45,3,102
489,Arabelle Churching,2021-06-19 02:27:07,9,165
490,Mathew Wyre,2021-05-02 20:01:12,2,129
491,Liane Gladtbach,2021-08-17 22:56:06,11,104
492,Lesya Zebedee,2021-05-15 15:39:19,2,86
493,Dalis Coughan,2021-03-20 10:48:47,3,71
494,Fredericka Blezard,2021-08-25 04:03:09,7,69
495,Seth Kubacek,2021-03-31 19:15:51,5,50
496,Carissa Bartel,2021-03-01 20:13:38,4,45
497,Teddi Eadmeades,2021-10-11 14:30:13,6,118
498,Teriann Bukowski,2022-01-10 08:28:43,10,147
499,Holly Akehurst,2021-09-29 00:53:42,8,132
500,Audrye Fazakerley,2021-04-08 02:27:08,2,83
501,Adaline Sherrett,2021-09-16 03:17:23,10,53
502,Myrtle Kenan,2021-04-20 03:33:22,8,37
503,Anjanette Snepp,2021-10-28 11:48:58,6,45
504,Avrit Henniger,2021-07-10 20:34:54,6,44
505,Andi Norwich,2021-04-20 22:42:20,8,72
506,Joye Pinson,2021-10-02 07:13:19,4,30
507,Nonie Threadgould,2021-11-18 06:31:35,5,42
508,Tommy Dehn,2021-04-26 12:30:00,7,113
509,Tiphanie Neads,2022-01-19 21:11:05,10,44
510,Zelda Sheavills,2021-03-07 20:24:50,3,33
511,Cecilia Keynd,2021-07-31 06:10:51,1,109
512,Malia Dungay,2021-08-26 07:18:58,8,68
513,Garald McPhillips,2022-02-18 16:34:19,8,54
514,Francis Jantel,2021-10-19 09:21:42,10,86
515,Stephenie Yeowell,2021-12-04 04:16:48,3,67
516,Kerry Neno,2021-10-08 02:32:38,10,132
517,Falito Bellay,2021-06-10 21:42:06,8,125
518,Cassandra McRobert,2021-02-20 22:20:53,9,148
519,Perkin Brookbank,2021-04-29 05:20:41,6,85
520,Kial Dulwitch,2021-12-22 01:59:59,7,82
521,Paulita Cumberbatch,2021-11-26 12:59:46,8,48
522,Gina Cutill,2021-10-28 19:05:53,5,22
523,Darelle Wogden,2021-05-08 10:51:07,4,28
524,Jacenta Pieterick,2021-08-07 04:31:22,8,70
525,Maiga Jarmain,2021-03-03 10:46:50,9,62
526,Vivie Darwood,2021-12-01 17:32:31,12,119
527,Maxy Agnolo,2021-02-23 14:16:05,3,61
528,Doyle Lawden,2021-03-20 08:53:56,5,108
529,Deena Semarke,2021-10-06 06:06:47,5,94
530,Jacques Branno,2022-01-17 03:31:09,8,82
531,Daune Leaning,2022-02-10 12:32:39,10,87
532,Alfreda Stittle,2021-07-20 16:08:08,3,28
533,Tiertza Vanyashin,2022-02-04 20:16:06,3,
534,Rex Gligoraci,2021-10-06 12:49:28,7,102
535,Jorry Koppel,2021-07-07 12:56:22,8,39
536,Mellicent Grisard,2021-08-16 06:41:51,3,58
537,Marya Norcutt,2022-01-16 21:23:39,2,111
538,Rafferty Ferrettini,2021-09-27 21:27:53,11,145
539,Grace Caulwell,2021-04-25 00:25:51,2,85
540,Chrysler Cogswell,2021-03-25 08:08:41,8,40
541,Jennie Greenway,2022-01-18 17:10:17,10,96
542,Dewie Avann,2022-02-08 04:57:10,3,34
543,Melodie Frazier,2021-07-11 16:41:31,11,55
544,Curr Lafrentz,2021-04-25 22:43:01,7,95
545,Allan Rickert,2022-01-24 08:26:50,7,79
546,Zack Scroxton,2021-10-03 02:40:41,7,80
547,Kirsteni Keatley,2021-09-03 16:49:39,2,82
548,Pegeen Piccard,2021-06-18 15:20:18,8,77
549,Antonina Semble,2021-08-24 04:50:51,10,56
550,Ellene Cunnow,2021-04-24 10:10:48,7,68
551,Lind Flips,2021-04-05 22:11:47,4,137
552,Quintus McCallister,2021-04-25 22:30:37,3,34
553,Bobette Buyers,2022-02-02 23:14:26,7,61
554,Eziechiele Donson,2021-03-04 11:31:49,2,125
555,Annabella Telezhkin,2022-01-07 05:21:00,2,102
556,Giff Kelson,2021-08-29 06:02:42,10,109
557,Kamila Collumbine,2021-05-04 10:13:08,6,143
558,Avivah Dymond,2021-07-21 15:53:26,8,56
559,Woodman Dake,2022-01-05 10:20:17,12,63
560,Zena Buck,2021-11-06 07:15:24,5,89
561,Saxon Eastop,2021-10-28 18:29:31,11,70
562,Letisha Le Floch,2021-08-31 16:37:15,7,75
563,Sharona Tweedy,2021-08-25 02:46:44,7,74
564,Pietro Ogdahl,2021-05-01 17:41:48,4,32
565,Karen Withnall,2021-07-27 20:45:40,11,38
566,Ingrim Orrum,2021-12-08 11:57:56,5,163
567,Annabelle Southon,2021-11-29 20:23:23,11,62
568,Jody Ireland,2021-04-14 13:41:44,7,61
569,Newton MacColl,2021-08-12 07:28:19,5,111
570,Cati Orbell,2021-02-05 10:51:00,11,90
571,nan,2021-11-28 02:28:40,7,69
572,Bethena Nissle,2021-04-23 09:48:13,8,60
573,Hynda Wheatcroft,2021-08-29 01:59:39,8,57
574,Laura Ginley,2021-10-04 16:28:21,5,104
575,Edgard Sawden,2021-05-29 10:26:15,5,154
576,Noak Windmill,2021-11-18 00:52:33,4,97
577,Kenneth Ravenscroftt,2022-01-05 10:19:42,4,44
578,Garfield Giovanitti,2022-01-14 05:54:04,4,68
579,Deane Stivani,2021-03-31 04:27:17,4,38
580,Eugenio Crumly,2021-04-05 19:25:24,7,98
581,Gris Heino,2022-01-07 06:42:22,5,46
582,Adams Whitington,2021-08-10 11:06:19,8,141
583,Chrotoem Johanning,2021-11-04 09:51:55,5,27
584,Renado Terne,2021-04-23 15:58:47,8,31
585,Sonja Vero,2021-07-01 04:36:39,8,38
586,Roanne Brant,2021-07-25 01:23:13,6,97
587,Deina Magovern,2021-06-30 11:28:53,2,135
588,Gabriell Paffitt,2021-10-18 12:14:36,7,136
589,Emmeline Hantusch,2021-12-12 04:57:39,11,84
590,Niven Morter,2021-05-17 07:18:48,12,47
591,Antonia Ferdinand,2021-12-27 01:34:52,2,36
592,Anni Mewton,2021-04-20 12:17:27,9,37
593,Ruthi Liversedge,2021-09-11 16:28:28,6,67
594,Vinny Liggins,2021-03-18 22:07:38,4,112
595,Charita Wyldish,2021-10-12 22:01:00,4,54
596,Noble Spere,2021-06-04 01:46:24,6,83
597,Rahal Callf,2021-03-17 11:36:22,6,55
598,Hope Yakovliv,2021-03-10 23:26:15,3,105
599,Chrystal Kopje,2021-12-12 14:46:11,8,25
600,Niels Jendrys,2021-05-03 08:55:24,10,58
601,Vincents Lees,2021-09-08 17:09:48,3,32
602,Gamaliel Simonnin,2021-08-29 14:31:30,4,79
603,Zulema McGiffie,2021-07-29 04:57:18,2,40
604,Trace Bowe,2021-11-19 08:02:23,7,51
605,Matteo De Clairmont,2021-07-12 23:31:13,6,173
606,Mitzi Zoane,2021-08-21 09:29:56,5,150
607,Inglis Toogood,2021-08-25 10:07:55,2,59
608,Rita Rakes,2021-06-19 12:52:29,9,37
609,Doyle Galpen,2021-10-09 23:59:20,5,72
610,Andreas Adkin,2021-12-01 00:02:41,5,128
611,Hill Anders,2021-08-25 22:24:12,1,93
612,Jazmin Orgel,2021-08-07 05:23:59,7,104
613,Sigrid Leversha,2022-02-15 21:20:01,9,37
614,Shawn O'Kinneally,2021-12-13 17:34:03,4,80
615,Jillana Neeson,2021-06-12 05:50:40,3,111
616,Emlen Whitton,2021-09-02 02:03:36,7,79
617,Valenka Annwyl,2021-12-26 16:39:06,6,57
618,Hasheem De la Yglesia,2021-10-13 13:06:05,8,69
619,Karlene Hendonson,2021-07-04 21:23:44,10,111
620,Cilka Cariss,2021-08-15 02:44:41,4,33
621,Sheri Vice,2021-05-08 05:22:33,5,80
622,Dodie Codlin,2021-03-14 09:53:53,6,74
623,nan,2022-01-04 17:42:48,7,48
624,Stearne Boord,2021-11-10 05:00:20,6,62
625,Toddy Bragger,2021-04-28 00:16:29,8,93
626,Maribeth Stirtle,2021-04-06 18:16:06,7,118
627,Deanne Pilcher,2021-11-19 09:36:41,6,86
628,Adan Simonds,2021-12-19 13:16:46,3,121
629,Goldia Gottelier,2021-11-07 06:24:02,6,84
630,Adler Allon,2021-07-18 04:20:02,5,99
631,Yettie Tellenbrok,2021-11-12 14:12:30,9,29
632,Loree Dytham,2022-02-16 08:39:30,7,92
633,Charline Axtell,2021-09-19 15:49:14,9,69
634,Duff Bauld,2021-12-10 01:40:03,5,60
635,Winne Kemet,2021-06-03 02:26:49,3,85
636,Adair Spellessy,2021-12-18 18:21:44,11,115
637,Serena Iacovolo,2021-06-08 19:19:29,6,89
638,Revkah Franke,2021-04-11 08:45:42,2,93
639,Candis Brayshay,2021-02-04 08:09:56,11,71
640,Auguste Savage,2021-04-09 17:40:07,6,91
641,Muffin Oldall,2021-08-26 17:59:42,6,120
642,Ronda Prichard,2022-02-18 11:53:32,4,65
643,Andi Haylett,2021-10-30 16:13:54,6,104
644,Bjorn Cremen,2021-07-26 23:50:08,5,62
645,Hedvige Vogelein,2021-02-05 01:19:11,9,63
646,Shelagh Scoffins,2021-09-27 15:35:59,6,148
647,Flori Priscott,2022-01-27 19:23:12,8,41
648,August Scotsbrook,2021-05-08 12:36:31,6,37
649,Karina Brunt,2021-05-12 13:10:15,8,52
650,Callida Helmke,2021-09-08 15:11:04,9,124
651,Shirlee Morcomb,2021-09-27 11:14:02,6,54
652,Corabel Fowlestone,2021-11-17 14:28:16,2,68
653,Catlee Baroc,2021-10-08 22:28:59,5,71
654,Gloria Semechik,2021-06-19 03:05:48,9,133
655,Juliette Josuweit,2021-11-29 13:22:57,7,68
656,Fayina Trevarthen,2021-07-15 22:42:57,6,30
657,Gawen Saggs,2021-10-06 13:28:02,2,41
658,Valeria Bidwell,2021-07-30 11:00:26,4,45
659,Tailor Phizakarley,2021-12-29 00:43:35,5,44
660,Beaufort Fifoot,2021-09-01 01:18:37,4,154
661,Winnie Nalder,2021-02-16 19:23:07,5,63
662,Ingunna Sikorski,2022-02-04 17:23:50,3,75
663,Catha Gowrie,,4,85
664,Meara Leipelt,2021-08-10 11:12:53,9,90
665,Noah Blazejewski,2021-08-31 16:10:47,10,44
666,Rad Malt,2021-04-06 02:41:00,6,135
667,Jinny Navarre,2021-10-08 18:12:40,8,67
668,Larry Markus,2021-09-16 01:10:45,8,103
669,Shannan Wollen,2021-02-23 18:13:10,10,28
670,Cordelia Hembling,2021-12-27 06:46:11,5,94
671,Ernaline Stroulger,2021-12-09 07:06:19,8,91
672,Windham Biesterfeld,2021-05-09 01:14:51,5,61
673,Cosette Briffett,2022-01-15 02:19:34,6,88
674,Marita Wakeman,2021-06-20 17:40:30,3,157
675,Roxanna Verny,2021-10-13 12:19:36,7,68
676,My Challice,2021-12-30 10:24:40,4,163
677,Karel Lyne,2021-04-21 07:40:11,3,32
678,Rhonda Rembaud,2021-12-16 01:57:07,3,97
679,Aguste Baseley,2021-05-24 20:06:57,4,81
680,Werner Baldrick,2021-04-24 12:53:43,6,68
681,Janek Fleay,2021-08-07 11:01:52,9,45
682,Noemi Brignall,2022-01-28 13:25:09,2,58
683,Fidel Massimo,2021-08-28 21:27:34,9,58
684,D'arcy Lunam,2021-07-01 14:02:42,6,109
685,Bruno Pales,2022-01-16 19:23:39,,92
686,Bessy Feavers,2021-06-05 11:10:18,10,36
687,Evaleen Dotterill,2021-12-08 10:40:18,7,56
688,Hamel Bearman,2022-01-20 19:51:12,8,58
689,Jacquelin O'Farrell,2021-04-05 13:47:36,8,33
690,Sarene Ilyinykh,2021-10-29 15:50:09,3,123
691,Benedetto Heazel,2021-12-12 15:14:57,9,77
692,Algernon McCraw,2021-04-20 16:57:46,8,55
693,Rebeca Rubinsohn,2022-02-05 05:38:16,3,156
694,Fergus Fiddler,2021-05-21 01:38:27,9,115
695,Gillan Sheber,2021-04-19 06:09:16,12,38
696,Evered Schindler,2021-05-09 13:06:04,9,59
697,Sumner Paulisch,2021-03-17 01:09:33,4,164
698,Daloris D'Ambrosio,2021-05-12 16:08:02,6,56
699,Nettle Armstrong,2021-06-17 21:44:49,8,60
700,Amos Oneal,2021-08-16 10:13:06,7,54
701,Clarie Dionsetti,2021-08-31 16:56:37,12,10
702,Ettore Duigan,2021-05-21 01:13:45,10,28
703,Ahmed Cristofolini,2022-01-01 01:11:48,6,69
704,Linell Bocken,2022-02-03 14:58:21,4,107
705,Bonita Bethune,2021-10-09 06:43:41,7,116
706,Valentina MacTavish,2021-11-06 18:12:29,8,64
707,Berty Ollivierre,2021-07-17 11:39:45,3,46
708,Charles Bleesing,2021-08-04 20:40:38,7,63
709,Nev Doghartie,2021-02-22 15:37:40,6,42
710,Augusto Etherson,2021-07-28 04:08:09,3,45
711,Andra Walthall,2021-07-14 11:32:38,4,54
712,Cathrin Bourke,2021-05-20 07:20:04,3,59
713,Isa Blees,2021-07-23 15:23:37,3,66
714,Mala Divina,2021-05-04 04:52:48,6,171
715,Isobel Brettle,2021-12-21 03:04:31,5,138
716,Evered Cowland,2021-07-04 11:45:42,5,68
717,Marcelo Lakeland,2021-04-03 22:41:04,9,145
718,Berty Matei,2021-10-25 16:46:28,12,71
719,Delmer McCory,2021-09-15 05:06:53,5,80
720,Shaine Pavlenko,2021-03-10 08:59:47,9,58
721,Marge Pagelsen,2021-07-17 20:48:43,3,20
722,Cherilynn Limpenny,2021-10-21 09:58:04,6,63
723,Alexandrina Sambiedge,2022-01-27 17:35:44,7,31
724,Bliss Braim,2021-07-19 01:26:16,4,25
725,Tomas Chesson,2021-08-14 00:19:33,9,121
726,Leigh Rittelmeyer,2021-07-24 16:19:53,9,36
727,Raynor Comber,2021-10-12 13:21:06,6,118
728,Kelwin Voysey,2021-07-29 22:03:28,12,79
729,Milty Spence,2021-06-09 11:44:08,7,57
730,Rodolphe Assiter,2021-06-18 08:04:32,8,73
731,Maynord Swainsbury,2022-01-19 13:42:28,3,43
732,Cyrille Veazey,2022-02-11 05:14:27,9,65
733,Parsifal Bernardon,2021-02-19 11:37:58,5,91
734,Rock Reach,2021-12-30 11:42:43,10,97
735,Chrissie Adcock,2021-06-30 17:27:15,2,55
736,Chalmers Aplin,2021-05-29 22:18:33,7,59
737,Kissiah Edmeades,2021-05-19 05:03:28,8,54
738,Ettore Mulcock,2021-11-30 14:24:17,9,99
739,Rafael Seddon,2021-02-02 16:34:47,9,144
740,Jonie Schapero,2021-09-21 20:10:08,8,95
741,Malachi Loxton,2022-01-13 08:58:21,6,133
742,Wadsworth Streatfeild,2021-09-09 07:15:17,9,50
743,Georg Prince,2021-10-31 16:51:12,9,69
744,Jilli Feechum,2022-02-10 11:47:45,5,52
745,Mickie Haverson,2021-05-06 21:16:22,7,68
746,Lorette Barkhouse,2021-08-02 16:46:36,11,76
747,Lettie Braden,2021-03-15 12:22:30,9,87
748,Indira Pitkeathley,2021-10-28 03:07:10,3,109
749,Roseanne Emps,2022-02-14 00:13:48,7,55
750,Alidia Fulmen,2021-12-23 12:38:00,3,69
751,Zarah Swigger,2022-01-30 04:03:58,6,107
752,Dennet Skaif,2021-10-08 03:28:08,3,47
753,Victoria Kordt,2021-02-07 16:29:45,12,53
754,Aldis Branford,2021-09-07 22:00:56,4,58
755,Cass Wilton,2021-05-25 17:39:37,3,42
756,Rickie Sacher,2021-09-10 02:16:45,9,68
757,Patrizio Billingsly,2021-07-08 20:56:14,5,126
758,Dyanne Rainy,2021-06-11 00:56:42,8,
759,Stern Di Biaggi,2021-05-14 13:25:51,7,52
760,Giuditta Mower,2021-07-20 03:00:34,7,166
761,Adi Tilburn,2021-05-23 19:21:04,11,104
762,Frank Creane,2021-09-26 15:46:49,7,51
763,Rozella Domleo,2021-07-27 21:55:10,8,109
764,Nancee Jakubczyk,2021-07-29 04:51:22,8,47
765,Rosemary Brabyn,2021-02-23 04:36:02,3,32
766,nan,2021-05-31 05:31:53,2,67
767,Heinrik Fucher,2022-01-01 04:57:08,9,60
768,Moises Matysik,2021-07-02 05:17:36,8,105
769,Alena Colliver,2021-02-08 01:15:16,4,110
770,Ally Binley,2021-09-11 02:00:56,8,104
771,Theo Simcock,2021-06-14 11:21:57,7,64
772,Loralyn Carnie,2021-02-20 18:13:06,9,132
773,nan,2021-11-16 02:34:50,5,35
774,Agata Magrane,2022-01-16 17:56:33,6,152
775,Clarice Maun,2021-07-10 10:31:57,7,153
776,Cele Marciek,2022-01-22 02:19:51,3,83
777,Milo Geraldez,2021-05-15 07:32:38,7,142
778,Ross Fuggle,2021-11-29 15:13:22,9,83
779,Darwin Rycroft,2021-03-07 15:25:52,9,117
780,Annabelle Edmonston,2022-02-01 20:15:42,2,79
781,Junina Vasishchev,2022-02-17 00:01:13,8,74
782,Risa Kiddye,2022-01-01 21:41:23,11,71
783,Herve Shakespeare,2021-05-13 14:01:00,7,116
784,Selby Raspison,2021-12-23 02:20:02,3,50
785,Torey Spadelli,2021-05-31 15:18:58,5,53
786,Virgie Yong,2021-11-16 18:03:24,5,55
787,Flossi Hernik,2021-02-03 03:35:09,9,64
788,Christie Hadlow,2021-06-24 20:52:53,9,53
789,Jennine Fakeley,,2,94
790,Emmie Baly,2022-02-18 18:02:41,5,66
791,Theda Mossman,2021-08-25 20:47:09,6,61
792,Hetty Cawthery,2022-01-21 11:08:04,10,
793,Shanna Luisetti,2021-05-31 09:02:52,4,52
794,Loise Watkiss,2021-05-10 05:56:39,6,63
795,Bonny Storms,2021-06-20 14:36:13,6,43
796,Roxane McCahill,2021-03-31 02:28:56,10,70
797,Ruddie De Morena,2021-10-01 06:16:46,4,81
798,Bridie Burless,2021-07-24 13:15:28,7,74
799,Kristien Leeds,2021-03-10 07:35:09,5,58
800,Karylin Glusby,2021-08-12 18:49:22,9,65
801,Ursala Cloy,2021-08-09 12:04:53,10,59
802,Kelley Prop,2021-05-17 22:42:27,5,109
803,Vivyanne Bohlens,2021-10-05 13:00:27,11,55
804,Gracia Sibylla,2021-09-18 23:55:01,9,149
805,Rudie Omand,2022-01-12 11:59:08,6,73
806,Barth Plott,2021-05-10 22:10:37,5,53
807,Emmet Gridon,2021-07-02 23:16:42,12,50
808,Electra Frary,2021-11-08 10:37:37,5,81
809,Krishnah Gilham,2022-02-13 04:03:01,6,67
810,Lia Marshal,2022-02-01 01:51:26,5,50
811,Georgeanna Egan,2021-09-21 16:23:23,3,60
812,Izzy Hammerson,2021-12-05 06:48:48,3,63
813,Betty Juara,2021-03-04 17:54:57,5,43
814,Theodore Pigeon,2022-01-19 08:37:25,5,35
815,Lucian Carmo,2022-01-29 01:13:55,5,64
816,Caralie Landrick,2021-08-25 16:20:38,5,103
817,Virge Algar,2022-01-21 12:23:15,6,68
818,Yancy Tapply,2021-03-08 16:17:01,8,130
819,Winnah Benthall,2022-01-11 22:50:26,11,65
820,Myrna Buse,2021-04-20 21:32:34,2,98
821,Lindsay Yven,2021-08-10 08:04:48,10,9
822,Ericha Doohan,2021-07-12 05:53:34,4,55
823,Barr Benam,2021-11-23 12:25:15,7,46
824,Kaitlynn Rannald,2021-04-18 15:11:19,,64
825,Daisi Glasscock,2021-06-18 01:07:26,3,34
826,Holly Pietroni,2021-05-05 21:10:33,8,89
827,Opalina Dowdell,2021-12-24 00:11:19,5,84
828,Rickey Pickering,2021-06-01 01:35:52,6,36
829,Cory Lawlan,2021-11-15 09:24:55,3,53
830,Charla Pottes,2021-11-23 17:02:47,4,85
831,nan,2021-10-22 16:30:46,6,11
832,Letta Paull,2021-10-29 02:35:02,,122
833,Essa Cottingham,2022-02-12 16:37:52,8,113
834,Kurtis Dallin,2021-08-26 07:52:05,5,53
835,Coleman Friary,2021-09-15 03:08:03,8,45
836,Jorgan Hillaby,2022-02-17 20:01:00,8,92
837,Wilton Muldrew,2021-08-05 03:41:35,3,9
838,Sheeree Romei,2022-01-23 19:30:31,6,103
839,Camille Brumble,2022-02-02 23:11:47,10,66
840,Haily Dicken,2021-06-02 23:40:43,6,51
841,Burlie Cuttin,2021-12-16 15:07:37,4,67
842,Lelah Syder,2021-09-14 01:55:50,7,62
843,Julio Pallaske,2021-12-26 12:06:57,4,66
844,Agnesse Fazan,2021-04-15 14:17:58,7,53
845,Knox Kinig,2021-07-07 13:25:43,4,66
846,Rouvin Gatch,2021-05-07 18:31:10,9,54
847,Myrtia Bertrand,2021-12-01 22:21:26,9,61
848,Randolph Revance,2021-10-09 10:12:36,11,74
849,Melina Pires,2021-05-13 12:00:46,9,82
850,Chryste Farndell,2021-05-28 06:27:59,1,68
851,Karna Miles,2021-07-02 22:00:33,4,30
852,Titus Shotter,2021-04-19 05:42:07,1,107
853,Meryl Bellerby,2021-05-25 23:05:12,8,109
854,Normie Haugen,2021-12-24 00:47:20,12,100
855,Hanna Ilyas,2021-11-14 17:36:26,8,66
856,Quinta Biddell,2021-05-06 08:05:22,4,178
857,Joyann Trump,2022-02-02 00:53:43,6,67
858,Cirilo Kemer,2021-06-28 03:01:01,9,53
859,Saree Balnaves,2021-08-26 09:56:13,10,56
860,Marin Elington,2022-02-08 10:39:02,1,68
861,Ferdinanda Montel,2021-09-08 19:08:49,8,145
862,Yoko Minards,2021-06-05 01:00:09,8,123
863,Rafferty Queste,2021-05-16 04:14:22,9,135
864,Alane James,2021-12-30 17:18:24,4,46
865,Sebastian Fereday,2021-04-24 16:53:18,3,97
866,Nessie Attoc,2021-06-30 07:29:57,8,50
867,Betsey Sweed,2021-03-23 13:05:34,6,66
868,Josefina Shaughnessy,2021-06-24 16:10:06,4,86
869,Cesaro Neggrini,2021-12-14 11:36:55,3,111
870,Baldwin Purvess,2021-12-26 08:05:10,6,95
871,Toiboid Opdenorth,2021-10-09 12:07:38,5,72
872,Hedwig Cuningham,2021-02-25 06:29:29,10,53
873,Aldous Walworche,2021-11-11 15:57:19,2,96
874,Lorettalorna Spyer,2021-12-21 05:42:31,5,37
875,Florencia Ealden,2021-04-28 22:46:05,5,38
876,Ignacio Cutmare,2021-04-02 03:56:39,3,58
877,Tadio Low,2021-06-05 14:51:06,7,84
878,Billie Clyburn,2022-02-08 03:31:23,10,86
879,Waylin Horsfield,2021-07-19 10:35:56,8,60
880,Lotti Flewett,2021-08-26 03:04:00,7,86
881,Frederich Roswarn,2022-02-05 17:16:15,8,32
882,Carleen Catterill,2021-05-04 05:57:27,7,145
883,Batholomew Shorbrook,2021-07-27 20:19:52,5,66
884,Joey Kobera,2021-11-30 04:47:29,9,145
885,Lorne Halfhead,2022-01-02 07:46:09,10,60
886,Judy Beynke,2021-08-19 06:57:40,4,63
887,Trudey Jellard,2021-03-26 18:34:03,4,46
888,Willetta Wickey,2021-07-26 05:22:04,7,152
889,Sibylla Abram,2021-10-10 03:10:42,8,89
890,Carlina Rilston,2022-02-02 07:34:10,6,114
891,Brandy Prestney,2021-06-03 22:18:40,3,51
892,Thedrick Glew,2021-11-10 00:17:04,6,36
893,Nertie Sigward,2021-08-20 05:36:10,7,111
894,Catina Adamowitz,2021-12-05 15:55:10,10,77
895,Adela Ivain,2021-05-08 05:41:35,5,126
896,Mata Yanukhin,2021-03-08 05:52:27,4,66
897,Pasquale Wreiford,2021-11-21 04:49:33,8,57
898,Amye Pauel,2021-02-19 17:55:13,4,51
899,Helen-elizabeth Culpin,2021-09-19 23:55:34,8,77
900,Darb Holberry,2021-07-02 15:03:10,6,41
901,Hyacinthie Sillick,2021-06-02 04:54:47,8,62
902,Diandra Malkinson,2021-06-07 19:10:49,10,68
903,Carolyn Stebbing,2022-01-30 20:01:50,10,32
904,Roi Drakers,2021-03-20 03:39:18,8,158
905,Lib Monahan,2021-11-04 12:40:34,4,50
906,Currie Brettle,2022-01-14 06:07:24,8,56
907,Maurizio Gorman,2021-03-22 23:25:55,7,71
908,Roxy Heinrici,2021-12-06 20:53:55,8,74
909,Zebedee MacFaell,2021-12-30 20:25:03,8,122
910,Bar O'Keefe,2021-12-03 14:58:09,11,76
911,Darill Josse,2022-02-18 23:51:51,5,71
912,Ottilie Vearncomb,2021-04-19 02:35:41,4,99
913,Moll Danat,2021-08-16 22:46:13,1,7
914,Freeman Felderer,2021-02-04 09:53:52,6,128
915,Hyatt Oulett,2022-01-11 13:51:35,9,72
916,Nanon Grishechkin,2021-10-06 18:49:57,3,82
917,Gaby Peschka,2021-11-27 18:01:33,8,118
918,Brooke Liddel,2021-03-18 23:30:58,9,10
919,Bobbie Stickells,2022-01-09 21:33:32,8,175
920,Herculie Wolfart,2022-02-03 13:41:48,8,92
921,Dion Aveling,2021-09-14 08:25:13,10,27
922,Vincents Phillipp,2021-05-24 16:01:27,7,70
923,Gill Cocks,2021-04-21 02:49:22,8,82
924,Brunhilde Taggert,2021-11-05 12:57:16,9,51
925,Cary Vedyasov,2021-12-13 12:25:58,5,36
926,Kath Greste,2021-11-20 12:48:00,6,80
927,Lamond Klimaszewski,2021-08-14 04:24:42,8,114
928,Leroi Flynn,2021-07-19 05:22:51,5,40
929,Antonin Sabbins,2021-06-02 12:21:45,10,113
930,Jorrie Obin,2021-04-02 22:45:06,4,88
931,Wilhelmine Coulthard,2021-07-30 06:05:42,7,57
932,Celeste Stops,2021-02-07 22:14:01,8,
933,Albrecht Karolowski,2021-07-30 02:42:19,5,18
934,Spence Sponer,2021-10-04 19:42:20,8,64
935,Noelle Garm,2022-02-10 06:03:40,6,77
936,Nelly Vasnetsov,2021-10-03 19:08:31,11,101
937,nan,2021-03-26 20:41:40,3,60
938,Gillie Akess,2021-08-28 23:00:16,8,120
939,Keeley Erie,2021-06-09 23:54:57,10,46
940,Klara Grumell,2022-02-20 21:35:29,12,134
941,Jennee McNirlan,2021-12-03 21:34:36,7,97
942,Joaquin Kamenar,2021-11-29 11:54:05,,64
943,Samson Folomin,2021-03-07 18:20:04,9,83
944,Rhonda Jephcote,2021-05-04 21:22:06,4,73
945,Lavinie Josey,2021-05-11 14:47:22,4,109
946,Ellsworth Vedyasov,2021-05-23 06:27:20,8,54
947,Paton Frary,2021-07-30 09:44:21,7,95
948,Alexandre Ibanez,2021-02-20 20:57:48,5,15
949,Guinevere Spence,2021-03-04 12:07:57,9,168
950,Devy Willarton,2021-11-04 22:27:36,6,64
951,Beaufort Bhar,2022-01-01 13:12:27,7,132
952,Krisha Bettlestone,2022-01-01 23:48:50,9,58
953,Garwood Boosey,2022-02-07 23:05:05,6,40
954,Vevay Donneely,2022-01-04 20:14:24,3,52
955,Shena Gore,2021-08-16 21:25:08,9,
956,Brena Myrick,2022-01-06 03:39:27,4,35
957,Jud Clash,2021-04-27 11:28:21,5,45
958,Esdras Milburne,2022-01-30 12:36:20,5,62
959,Marylinda Ellam,2022-01-04 23:18:04,5,86
960,Daphene Lovemore,2021-09-13 14:37:43,9,71
961,Lionello Andriesse,2022-02-12 05:19:44,8,
962,Guinna Facey,2022-02-07 04:04:34,4,102
963,Stevie Daniels,2021-11-27 15:01:22,5,64
964,Baldwin Hobgen,2021-11-05 04:46:59,3,64
965,Lita Jahner,2021-04-10 00:47:56,8,60
966,Gertrud Magson,2022-02-02 10:24:52,2,42
967,Jessee Lopez,2021-10-17 17:04:58,6,37
968,Gunar Sreenan,2021-06-13 12:10:28,5,71
969,Dulcea Banner,2021-10-23 15:12:49,3,37
970,nan,2021-08-08 06:06:40,4,33
971,Katherina Garoghan,2021-12-17 17:49:37,7,85
972,Bridgette Sapseed,2021-09-12 18:31:04,8,158
973,Stanleigh Welbeck,2022-02-12 05:06:22,10,97
974,Hewet Civitillo,2021-06-17 20:27:34,6,97
975,Gina MacAllen,2021-11-15 16:17:51,3,106
976,Gerrard Clewett,2021-03-10 08:19:27,2,85
977,Tremain Kenningley,2021-03-16 01:52:49,1,39
978,Harwilll Mattiato,2021-08-23 11:30:08,4,127
979,Marney Oslar,2021-12-13 02:36:36,6,50
980,Crystal Bangham,2022-01-27 11:51:29,4,44
981,Hadlee Bonnar,2021-04-29 00:00:37,7,158
982,Kermy Bunton,2021-06-23 20:56:05,5,64
983,Felicia Gunton,2021-08-09 04:54:47,8,100
984,Violette Hallewell,2021-08-03 10:11:53,8,142
985,Erena Search,2022-01-07 13:13:18,9,78
986,Starla Drugan,2021-04-24 14:10:15,4,54
987,Shaina Shervington,2021-12-13 10:05:09,3,60
988,Danya Kid,2021-10-12 03:46:10,6,87
989,Sherrie Armor,2021-10-12 01:14:30,4,65
990,Claudian Eardley,2022-01-24 14:38:23,5,125
991,Alissa Stafford,2022-01-13 12:54:26,3,79
992,Tad Rowan,2021-11-15 06:08:43,5,35
993,Maggy Mendez,2021-04-11 12:51:33,3,61
994,Hedi Parramore,2022-01-07 06:21:37,4,38
995,Goran Carde,2021-08-22 21:57:53,7,22
996,Cirstoforo Pettipher,2021-04-01 17:48:42,12,97
997,Wilek O'Cridigan,2021-05-04 12:19:50,6,99
998,Jerry Ducker,2021-10-03 14:12:50,6,116
999,Jerri Osmar,2022-01-18 10:47:37,8,95
1000,Vivian O'Boyle,2021-11-08 19:06:28,6,134
1001,Harold Abram,2021-11-07 02:48:42,6,76
1002,Ty Adamowitz,2021-05-30 05:43:46,4,104
1003,Lyman Adcock,2021-09-01 23:27:38,7,16
1004,Lotti Adkin,2021-10-01 13:04:21,4,133
1005,Gretna Agnolo,2021-10-10 22:22:17,4,47
1006,Marlow Aizikov,2021-04-23 23:45:42,6,71
1007,Joan Akehurst,2021-10-10 01:33:31,6,62
1008,Ulrick Akess,2021-07-24 01:28:40,2,54
1009,Lucretia Alabaster,2021-04-01 21:22:47,8,88
1010,Arty Alexsandrev,2022-02-08 12:27:07,8,39
1011,Libbi Algar,2021-07-05 04:55:10,8,68
1012,Jacky Allchin,2021-06-20 11:59:41,8,34
1013,Raine Allcock,2021-12-23 08:23:34,5,70
1014,Melonie Allon,2021-12-30 23:08:59,4,69
1015,Robers Amesbury,2021-02-16 20:00:38,5,154
1016,Bone Anders,2021-06-21 09:11:06,7,125
1017,Andee Andri,2021-04-01 10:28:22,6,94
1018,Gay Andriesse,2021-12-24 13:40:11,5,115
1019,Loralie Andrzejczak,2021-10-19 20:10:46,6,143
1020,Tobi Angeau,2022-02-20 07:46:22,7,40
1021,Mandel Annwyl,2021-12-18 22:55:26,7,96
1022,Toddy Antalffy,2021-12-05 18:00:50,6,129
1023,Jeremias Antecki,2021-10-01 08:16:32,7,63
1024,Lemar Aplin,2021-07-13 15:39:49,3,20
1025,Tanner Arboin,2021-10-16 05:41:59,4,141
1026,Bartolomeo Arghent,2021-02-07 09:03:49,6,92
1027,Elvina Armor,2021-09-29 20:34:33,3,23
1028,Letitia Armstrong,2021-11-20 15:33:14,8,137
1029,Warner Aronsohn,2021-08-30 17:22:09,3,99
1030,Geri Ashpital,2022-02-16 21:08:33,5,49
1031,Jerald Assiter,2022-01-15 02:33:31,10,122
1032,Wilt Astbury,2021-09-26 21:51:10,9,114
1033,Aldwin Athow,2021-09-27 11:12:00,6,63
1034,Corena Attoc,2021-05-08 01:43:42,12,52
1035,Malchy Avann,2022-02-20 10:39:43,11,37
1036,Gasparo Aveling,2021-11-07 11:41:10,5,68
1037,Nikkie Axtell,2021-12-30 05:37:33,7,57
1038,Louisa Bachelor,2021-02-11 14:29:26,4,33
1039,Brook Backen,2021-09-27 12:50:01,5,58
1040,Cly Baldrick,2022-01-01 06:33:57,9,75
1041,Jena Balmer,2021-05-04 19:49:00,4,71
1042,Pail Balnaves,2021-09-14 03:08:04,11,123
1043,Agneta Baly,2021-09-29 12:36:18,9,50
1044,Lanae Bangham,2021-05-14 18:26:59,5,61
1045,Gipsy Banner,2021-12-17 11:47:44,5,73
1046,Philly Barhims,2021-03-03 14:48:53,8,141
1047,Jimmie Barkhouse,2021-02-04 07:50:18,5,44
1048,Lonee Baroc,2021-06-07 09:12:33,8,32
1049,nan,2021-05-08 23:05:13,6,91
1050,Marybelle Barribal,2021-06-17 10:02:48,5,79
1051,Moe Bartel,2022-02-03 08:06:34,12,40
1052,Trudie Bartens,2021-10-12 02:10:35,7,135
1053,Rebbecca Barzen,2021-11-14 21:00:10,2,69
1054,Bevin Baseley,2021-11-13 08:29:11,8,5
1055,Marielle Baselio,2022-02-02 00:11:54,10,94
1056,Orelie Bassett,2022-01-29 13:52:35,6,65
1057,Meggie Bastin,2022-01-25 18:58:12,3,124
1058,Elia Baton,2021-08-29 23:24:48,4,88
1059,Sharron Battlestone,2022-02-01 15:49:52,10,33
1060,Washington Bauld,2022-01-30 11:38:20,4,88
1061,Artemus Bazeley,2021-02-26 22:38:18,3,21
1062,Lou Bazely,2021-10-14 19:06:01,9,100
1063,Tanhya Bearman,2021-06-15 06:17:11,4,155
1064,Florella Beaulieu,2022-02-11 06:39:40,5,81
1065,Saundra Beecraft,2021-12-29 01:42:44,2,50
1066,Redford Behnecken,2021-04-13 22:51:46,4,65
1067,Thia Bellay,2021-03-10 19:27:10,2,65
1068,Perceval Bellerby,2021-03-16 20:21:07,7,58
1069,Sidoney Benam,2021-03-08 09:28:55,4,57
1070,Ted Benasik,2021-08-09 20:13:21,8,39
1071,Brandea Benjamin,2021-12-11 01:47:11,6,60
1072,Judy Bennedick,2021-10-22 18:48:13,6,57
1073,Matthus Benthall,2021-04-26 04:21:25,2,57
1074,Wilma Bere,2021-02-21 08:24:12,10,86
1075,Xylia Bernadot,2021-10-12 17:24:25,8,127
1076,Carver Bernardin,2022-01-28 17:32:21,10,35
1077,Fayette Bernardon,2021-07-29 08:29:27,6,73
1078,Christalle Bertome,2021-10-04 21:24:21,9,123
1079,Ashley Bertrand,2021-10-24 01:04:52,5,29
1080,Angelika Beslier,2022-02-12 23:11:53,10,69
1081,Caril Bethune,2022-01-22 05:56:43,7,48
1082,Lief Bettles,2021-05-25 00:35:53,1,44
1083,Barth Bettlestone,2021-09-22 21:50:08,5,44
1084,Ludvig Bewsey,2021-02-26 18:47:53,9,143
1085,Dev Beynke,2021-07-01 15:47:16,4,87
1086,Vinnie Bhar,2021-10-31 08:53:54,9,70
1087,Cirstoforo Biddell,2021-10-15 09:19:20,3,130
1088,Rosabelle Bidwell,2021-03-12 14:32:57,6,118
1089,Rodrique Biesterfeld,2021-12-01 13:30:50,3,81
1090,Germana Billin,2021-05-30 17:02:38,8,24
1091,Rolf Billingsly,2021-04-16 15:32:45,8,146
1092,Floria Bineham,,7,137
1093,Belinda Binion,2021-06-04 09:39:59,6,72
1094,Zachariah Binley,2021-10-01 16:14:13,9,16
1095,Lowell Blaber,,9,141
1096,Creight Blazejewski,2021-06-29 23:57:57,4,89
1097,Beltran Blees,2021-11-01 05:12:01,9,27
1098,Colman Bleesing,2021-10-12 17:55:32,,77
1099,Marlo Blezard,2021-05-18 00:45:21,4,76
1100,Karita Blindermann,2021-06-19 03:14:14,5,62
1101,Jenn Blundin,2021-09-19 04:46:12,8,73
1102,Ogden Bocken,2021-03-29 19:31:33,3,44
1103,Cathy Bohlens,2021-07-29 08:55:15,6,78
1104,Wenda Bonnar,2021-11-21 13:03:25,2,160
1105,Jewelle Boord,2021-08-13 11:18:32,5,163
1106,Jasper Boosey,2021-07-13 06:34:38,7,147
1107,Welby Bote,2021-09-04 16:39:58,7,55
1108,Marlie Bothen,2021-08-15 15:50:29,9,87
1109,Bethanne Bourke,2021-03-16 15:21:23,7,68
1110,Renee Bowe,2021-08-31 20:26:32,,112
1111,Zsazsa Brabyn,2021-08-01 03:27:48,10,47
1112,Brett Braden,2021-06-11 05:54:00,8,96
1113,Carlee Bragger,2021-10-02 19:35:28,8,61
1114,Grady Braim,2021-04-27 09:27:22,7,58
1115,Wilbert Branchet,2021-03-31 12:27:59,6,100
1116,Ardys Branford,2021-11-07 09:12:54,11,77
1117,Putnem Branno,2021-04-23 19:34:46,5,85
1118,Blondell Bransby,2021-04-30 04:32:07,6,106
1119,Lucky Brant,2021-11-24 18:37:55,5,133
1120,Brietta Brayshay,2021-05-24 04:35:22,7,55
1121,Cristy Brend,2021-07-30 11:31:36,7,38
1122,Gnni Brettle,2021-10-09 13:49:28,9,156
1123,Alisha Brettle,2022-01-30 20:44:35,5,74
1124,Merrill Bridgeman,2022-01-30 03:02:22,7,52
1125,Gerri Bridie,2021-02-05 01:06:53,5,149
1126,Olly Briffett,2021-09-01 18:16:34,7,124
1127,Corinne Brignall,2021-12-31 09:40:30,3,73
1128,Reuven Brisson,2022-02-09 19:08:59,7,87
1129,Stephana Britton,2021-02-15 00:32:18,3,65
1130,nan,2021-10-19 08:43:38,1,128
1131,Angie Brommage,2021-10-23 18:14:59,6,35
1132,Gypsy Brookbank,2021-06-13 17:21:57,9,49
1133,Jennine Brownbill,2022-01-24 14:45:57,10,86
1134,Lacee Brumble,2021-05-17 12:56:53,8,57
1135,Foster Brunt,2022-01-31 02:27:30,10,76
1136,Meryl Buard,2021-04-20 12:03:35,7,56
1137,Ichabod Buck,2021-09-07 09:32:33,9,90
1138,Conrad Bukowski,2022-01-23 01:07:44,4,113
1139,Celina Bundock,2021-03-23 09:04:56,7,45
1140,Putnam Bunton,2021-02-01 12:28:13,3,77
1141,Marylin Burgot,2021-04-24 15:32:05,10,116
1142,Reginald Burless,2021-03-19 23:47:07,10,105
1143,Elston Burnyate,2021-04-28 17:36:53,4,113
1144,Angel Burrell,2022-01-29 22:53:00,5,113
1145,Gretel Buse,2021-11-22 11:13:05,6,142
1146,Deirdre Butt,2021-08-25 02:07:11,4,47
1147,Gaston Buyers,2021-09-29 15:22:40,8,114
1148,Rourke Bycraft,2021-12-25 03:09:37,11,97
1149,Katlin Cabrera,2021-10-28 19:12:05,6,83
1150,Valentia Callf,2021-11-13 13:30:30,5,79
1151,Jarrett Camelli,2021-02-11 21:25:17,3,89
1152,Kori Carcas,2021-04-10 14:02:38,7,67
1153,Truman Carde,2021-09-08 13:11:26,9,60
1154,Lurette Caris,2021-09-16 19:02:39,2,77
1155,Jewel Cariss,2021-09-18 14:37:49,8,22
1156,Mikel Cariss,2021-05-08 14:39:59,1,98
1157,Kellia Carmo,2021-11-08 20:44:30,6,136
1158,Rube Carnie,2021-07-25 12:54:20,7,52
1159,Gayleen Carnihan,2021-11-18 11:53:15,3,58
1160,Sher Casale,2022-01-02 10:43:20,10,106
1161,Nobe Casper,2021-09-16 06:31:59,5,83
1162,Raff Castleman,2021-04-22 14:31:39,8,72
1163,Nerta Castro,2021-06-23 22:38:42,6,1
1164,Geraldine Catlette,2022-02-14 06:05:35,3,75
1165,Charleen Catterill,2021-11-10 00:57:25,11,61
1166,Hollis Caulwell,2021-08-17 13:58:25,5,39
1167,Alexis Cawthery,2021-03-18 00:15:36,3,25
1168,Toinette Cescon,2021-04-17 07:54:48,7,70
1169,Dannye Chaimson,2021-06-23 21:25:21,4,90
1170,nan,2021-03-15 10:47:48,7,130
1171,Charis Chanders,2021-06-23 20:53:31,12,83
1172,Roselle Chatto,2021-03-19 02:20:30,9,81
1173,Myra Checcucci,2021-02-16 15:44:56,9,71
1174,Anetta Chesson,2021-10-23 09:14:19,10,24
1175,Billy Chifney,2021-02-13 21:13:22,8,20
1176,Barbie Chittenden,2021-12-26 12:44:34,5,100
1177,Ardella Cholwell,2021-08-25 11:50:02,7,26
1178,Petronilla Chowne,2021-07-17 13:36:02,12,107
1179,Wolfy Churching,2021-02-11 23:08:12,10,89
1180,Siobhan Ciobutaru,2021-03-26 19:07:15,7,55
1181,Joeann Civitillo,2022-02-16 01:58:18,6,182
1182,Renell Clapperton,2021-11-21 12:05:45,4,48
1183,Peyton Clash,2021-05-16 20:39:06,4,59
1184,Alanson Cleve,2021-12-11 21:21:26,7,153
1185,Ryley Clewett,2022-02-04 13:21:15,2,116
1186,Claudelle Cloy,2021-03-10 19:24:19,2,74
1187,Janna Cluely,2021-05-09 23:57:00,6,168
1188,Regen Cluer,2021-05-03 12:35:40,3,157
1189,Donny Clyburn,2021-07-28 02:43:27,4,51
1190,Amalia Cockell,2021-03-05 01:38:06,3,81
1191,Caldwell Cocks,2021-08-16 12:41:01,4,70
1192,Olia Codlin,2021-07-14 22:42:33,7,57
1193,Sarita Cogswell,2021-07-31 14:14:42,5,58
1194,Lonny Collip,2021-04-19 15:31:46,4,113
1195,nan,2021-08-13 09:22:18,10,54
1196,Harriot Collumbine,2021-03-28 14:14:16,6,119
1197,Mellie Comber,2021-11-04 19:52:29,6,124
1198,Carline Comberbach,2021-05-29 00:23:02,4,60
1199,Fields Conman,2021-04-16 09:51:56,6,5
1200,Erick Conry,2021-06-21 04:58:15,3,136
1201,Brien Constantine,2022-01-08 16:31:01,1,115
1202,Irving Coogan,2021-09-14 13:36:33,8,65
1203,Kienan Corington,2021-10-23 20:14:55,4,77
1204,Dana Costanza,2021-06-05 12:30:23,5,61
1205,Phillis Cottingham,2022-01-09 07:06:46,12,100
1206,Osbourne Coughan,2021-10-28 21:39:48,10,60
1207,Ahmad Coule,2021-05-03 04:57:25,8,88
1208,Rasia Coulston,2022-01-13 03:39:23,3,62
1209,Tova Coulthard,2021-08-18 00:22:54,5,78
1210,Babita Cowderay,2021-04-23 23:35:06,9,19
1211,Berny Cowland,2021-08-14 23:50:27,3,115
1212,Alan Cramphorn,2021-03-22 23:08:28,4,109
1213,Brody Cranna,2021-09-21 22:27:13,3,48
1214,Hermann Creane,2021-06-06 15:24:32,5,32
1215,Ewart Cremen,2021-07-06 08:31:04,5,71
1216,Theobald Cresser,2022-01-26 14:56:48,3,116
1217,Marleen Cristofolini,2021-07-17 02:47:30,7,142
1218,Stephie Crocumbe,2021-11-12 03:24:03,6,42
1219,Malorie Crowthe,2021-09-05 10:03:56,4,36
1220,Aile Crumly,2021-09-26 01:50:27,5,73
1221,Valentia Cudiff,2021-11-04 05:01:46,6,50
1222,Blakelee Cullingworth,2021-05-21 10:52:28,2,40
1223,Malvina Cullnean,2021-03-03 05:07:46,6,48
1224,Hirsch Culpin,2021-02-13 08:05:59,8,28
1225,Barnabas Cumberbatch,2021-05-28 22:29:20,9,96
1226,Hedy Cuningham,2021-07-19 07:29:36,5,43
1227,Jeramey Cunnow,2021-04-03 20:14:34,8,67
1228,Jobi Curner,2021-04-07 07:19:06,4,38
1229,Luke Cutill,2021-09-07 18:22:38,7,132
1230,Arley Cutmare,2022-02-10 20:46:33,8,45
1231,Daisie Cutteridge,2021-10-24 07:07:44,9,126
1232,Zach Cuttin,2021-07-26 16:45:07,12,81
1233,Tony D'Ambrosio,2021-02-15 19:56:57,12,89
1234,Allys D'Enrico,2021-03-18 21:54:34,2,147
1235,Renae Daber,2021-02-13 18:41:07,3,143
1236,Bald Dake,2021-08-04 06:14:18,10,94
1237,Lynda Dallin,2021-10-19 11:39:00,6,76
1238,Odilia Danat,2022-01-28 13:42:03,1,69
1239,Lucretia Daniels,2021-02-06 11:44:17,2,71
1240,Shandy Danjoie,2021-08-03 02:54:07,1,38
1241,Benedetto Darwood,2021-09-30 01:01:01,9,55
1242,Francesca Davidman,2021-03-17 06:37:56,4,30
1243,Juliet Daymont,2021-05-19 07:44:26,7,69
1244,Elspeth De Clairmont,2021-11-19 16:41:34,7,86
1245,Lemuel De Gregoli,2022-01-07 16:23:36,8,21
1246,Neddy De la Yglesia,2021-06-29 18:44:50,7,50
1247,Lyle De Lascy,2021-09-25 23:27:53,4,43
1248,Hanni De Michele,2021-04-08 19:47:24,4,68
1249,Katherina De Morena,2021-11-13 10:19:05,7,30
1250,Ruben Dehn,2021-05-07 15:58:27,9,91
1251,Livia Delacour,2021-09-30 10:58:09,5,70
1252,Merrily Di Biaggi,,7,19
1253,Ignacio Di Francesco,2021-12-23 22:56:15,5,72
1254,Auberta Dicken,2021-11-10 02:40:56,3,79
1255,Doro Dickey,2021-04-20 08:43:40,10,61
1256,Jobyna Diem,2021-06-17 17:53:43,8,123
1257,Bernie Dilrew,2021-06-26 06:36:44,8,33
1258,Christabella Dimitriev,2021-12-27 03:41:35,4,139
1259,Lamont Dimmer,2021-07-20 01:47:11,2,78
1260,Gweneth Dionsetti,2022-01-27 23:22:52,10,52
1261,Barny Dionsetto,2021-07-22 21:10:35,11,32
1262,Anthe Divina,2022-01-03 15:24:31,2,151
1263,Eldredge Dockerty,2021-06-25 00:23:17,8,54
1264,Gui Dodd,2021-06-06 09:21:20,4,102
1265,Verile Doghartie,2021-10-11 10:53:38,4,145
1266,Michale Domleo,2021-12-12 09:09:25,10,44
1267,Curran Donneely,2021-02-23 08:39:44,2,76
1268,Arin Donson,2021-11-03 22:53:42,8,54
1269,Garvey Doohan,2021-09-27 16:01:02,5,159
1270,Shellie Dootson,2021-12-01 03:30:27,11,35
1271,Jasmin Dorie,2021-11-16 06:25:45,8,41
1272,Ashly Dotterill,2021-09-09 17:05:03,5,100
1273,Lorry Dowdell,2021-02-05 02:01:57,8,53
1274,Lenee Dowtry,2021-08-13 13:17:25,6,91
1275,Trevor Dracey,2021-07-12 04:33:16,7,60
1276,Amandi Drakers,2022-02-09 22:55:47,2,102
1277,Abagael Draude,2021-08-17 02:23:18,8,42
1278,Ddene Drugan,2021-08-16 02:41:54,2,65
1279,Phaidra Dubbin,2021-10-25 12:19:32,,38
1280,Zoe Ducker,2022-01-21 16:05:53,4,42
1281,Ellerey Dudenie,2021-05-27 20:40:59,7,135
1282,Maudie Dudhill,2021-04-09 20:31:22,3,84
1283,Betti Duggan,2021-09-28 17:47:54,3,85
1284,Sile Duigan,2021-10-25 03:10:45,10,57
1285,Ardeen Dulwitch,2021-05-13 10:34:48,4,49
1286,Frances Dulwitch,2022-01-31 11:35:28,7,105
1287,Dniren Dundin,2022-01-22 22:03:49,7,99
1288,Katerine Dungay,2022-02-09 05:26:37,5,159
1289,Hetti Dungay,2021-06-20 01:05:56,7,78
1290,Cassandre Dunne,2021-10-15 10:36:55,11,89
1291,Chuck Dunniom,2021-06-07 04:46:33,3,31
1292,Brice Duplain,2021-04-08 01:49:32,9,71
1293,Arvie Dyhouse,2021-06-08 21:59:00,7,49
1294,Claretta Dymond,2021-11-01 22:58:21,11,79
1295,Marylou Dytham,2021-11-21 03:14:06,5,72
1296,Alfred Eadmeades,2021-05-11 10:12:02,7,20
1297,Jarvis Ealden,2021-10-03 22:12:05,6,91
1298,Chrysler Eardley,2021-11-02 11:26:37,3,103
1299,Jerrilee Eastop,2022-01-06 11:26:31,9,65
1300,Saidee Eate,2021-05-25 18:08:38,7,47
1301,Anders Edmeades,2021-10-20 07:04:25,4,38
1302,Arlene Edmonston,2021-10-15 20:42:15,8,41
1303,Hillary Egan,2021-09-18 03:12:35,10,120
1304,Tildie Elby,2021-09-29 14:02:27,8,
1305,Waneta Elfitt,2021-10-17 00:35:10,9,104
1306,Norby Elington,2021-04-11 21:16:34,8,58
1307,Danell Ellam,2021-02-10 17:49:24,7,103
1308,Rodrigo Elphinstone,2021-06-09 03:07:49,4,72
1309,Aleen Emps,2021-03-18 13:39:20,2,67
1310,Revkah Erdis,2022-01-14 02:57:43,9,169
1311,Ursulina Erie,2021-12-10 03:22:45,4,35
1312,Valma Erwin,2021-03-13 03:20:40,8,128
1313,Roberta Etches,2021-12-17 19:55:17,4,89
1314,Luciano Etherson,2021-08-17 07:04:16,10,25
1315,Beverie Ettels,2022-02-12 00:42:13,7,62
1316,Tades Facey,2021-11-27 22:47:12,3,81
1317,Cammy Fader,2021-03-03 01:53:49,5,136
1318,Mimi Fake,2021-03-12 15:25:05,11,58
1319,Wilt Fakeley,2021-03-02 10:23:45,8,40
1320,Artemas Farbrace,2021-08-29 21:05:17,4,130
1321,Darleen Farndell,2021-03-10 23:33:27,5,84
1322,nan,2021-03-26 23:44:34,5,47
1323,Erv Fazan,,8,34
1324,Janna Fearnehough,2021-08-18 18:53:09,1,37
1325,Abe Featherby,2021-03-16 08:32:34,9,82
1326,Carlota Feavers,2021-06-25 09:36:48,9,81
1327,Kevina Feechum,2022-01-26 21:24:00,6,23
1328,Grace Felderer,2021-05-02 04:55:20,4,64
1329,Gale Fendt,2021-09-21 23:24:14,3,19
1330,Timotheus Ferdinand,2022-02-16 16:04:14,2,52
1331,Darleen Fereday,2021-03-01 17:01:05,9,27
1332,Nancey Ferrettini,2021-11-24 16:57:25,3,69
1333,Margot Ferroli,2022-02-07 20:42:17,3,98
1334,Tina Fetherstone,2021-09-03 01:13:49,4,111
1335,Arline Fiddler,2021-08-18 09:04:01,9,22
1336,Morissa Fifoot,2021-04-14 04:04:56,6,94
1337,Rosemarie Fleay,2021-11-07 08:25:36,6,25
1338,Ravid Flemmich,2021-10-18 05:23:29,9,101
1339,Penelopa Flewett,2021-10-25 07:38:11,8,122
1340,Thom Flips,2022-01-13 21:09:49,5,39
1341,Bordy Flynn,2021-05-27 03:29:36,5,42
1342,Nathanil Foker,2022-02-11 16:30:12,7,66
1343,Celestina Folca,2022-01-28 10:57:28,4,118
1344,Christen Folkerts,2021-10-11 13:02:28,8,86
1345,Corenda Folomin,2021-03-06 14:32:27,7,111
1346,Iris Ford,2021-06-19 14:35:51,3,54
1347,Sumner Forgie,2022-01-22 09:29:43,8,49
1348,Benny Forsey,2021-04-05 09:33:59,3,60
1349,Winona Forst,2021-04-28 23:14:25,5,32
1350,Gilda Fowlestone,2021-07-13 23:34:40,10,9
1351,Weston Foxton,2021-10-29 06:10:25,3,60
1352,Eunice Francillo,2022-01-14 13:27:30,8,26
1353,Raul Franke,2021-10-05 11:28:11,4,40
1354,Cobby Frankiss,2021-10-03 06:03:40,6,26
1355,Carina Franzini,2021-08-02 02:46:45,5,80
1356,Johnnie Frary,2021-07-06 19:13:15,4,59
1357,Jocelyne Frary,2021-10-14 06:00:13,5,57
1358,Kaycee Frazier,2021-05-20 08:08:48,7,58
1359,Justine Freeborn,2021-04-01 15:30:36,2,112
1360,Killy Friary,2021-04-26 17:23:42,4,63
1361,Ike Friman,2021-06-08 15:10:58,3,61
1362,Melodee Froude,2021-09-28 18:37:19,7,134
1363,Cassi Frudd,2021-10-28 21:33:54,2,58
1364,Ora Fryman,2021-07-07 13:26:49,1,17
1365,Fredelia Fucher,2021-10-22 13:11:20,8,72
1366,Renee Fuggle,2021-12-30 01:29:43,6,144
1367,Ellary Fulmen,2021-09-04 02:00:37,6,114
1368,Rustie Fumagallo,2021-08-03 22:04:17,10,54
1369,Jennifer Furlow,2021-09-08 17:25:22,9,168
1370,Luciana Gages,2022-01-17 10:52:25,4,61
1371,King Gallelli,2022-01-20 02:23:10,6,48
1372,Gabriele Galpen,2022-01-02 14:58:58,4,139
1373,Leisha Gamlen,2021-10-15 07:27:54,10,70
1374,Far Gannicott,2021-08-28 05:42:26,4,102
1375,Tracey Gare,2021-07-23 20:51:44,7,155
1376,Gwenore Garm,2021-05-05 21:46:04,7,66
1377,Guendolen Garoghan,2021-05-11 10:27:43,6,58
1378,Toni Garriock,2021-04-29 13:28:25,5,29
1379,Ruth Gatch,2021-11-16 08:24:18,6,26
1380,Grantley Gauvin,2021-11-12 10:44:41,4,107
1381,Stormi Gawthrop,2021-03-30 18:21:20,7,112
1382,Bowie Geaveny,2021-10-09 07:33:53,8,61
1383,Emmott Geraldez,2021-03-05 20:54:52,9,59
1384,Milicent Giacobo,2021-12-05 16:16:42,6,122
1385,Francine Gilbane,2021-02-13 04:55:49,8,39
1386,Hattie Gilder,2021-10-11 09:49:28,3,55
1387,Dex Gilham,2021-03-15 16:40:34,9,47
1388,Bo Gillmore,2021-05-05 12:25:44,8,79
1389,Emmalynne Ginley,2021-11-07 10:31:09,8,105
1390,Harp Giovanitti,2021-04-20 06:26:16,3,76
1391,Rania Giovanizio,2021-11-29 22:31:08,6,57
1392,Cris Gladdis,2021-04-08 11:54:11,1,55
1393,Bogey Gladtbach,2022-01-05 17:29:34,4,44
1394,Latrena Glasscock,2021-07-03 23:56:41,8,62
1395,Saidee Glew,2021-07-15 10:51:30,4,70
1396,Melisandra Gligoraci,2021-09-28 09:56:07,5,69
1397,Lefty Glusby,2021-09-29 16:34:41,5,80
1398,Kaitlin Goodge,2021-04-21 09:15:22,2,60
1399,Brose Goodwins,2021-10-15 00:32:44,7,73
1400,Babita Gore,2021-04-14 03:05:16,7,45
1401,Kori Gorman,2021-07-26 12:54:13,6,87
1402,Hasty Gottelier,2021-04-03 07:11:50,10,92
1403,Fergus Goudy,2021-08-06 04:46:14,12,56
1404,Chet Goves,2021-12-30 10:03:59,1,38
1405,Reyna Gowrie,2021-03-16 23:50:52,8,99
1406,Isador Greatham,2021-11-25 11:53:35,6,78
1407,Doris Greenman,2021-10-11 22:27:53,5,65
1408,Bonnibelle Greenway,2021-06-13 09:09:27,2,178
1409,Annabela Greeve,2021-06-27 14:27:18,4,80
1410,Vally Greste,2021-03-21 18:25:49,8,83
1411,Dominic Gridon,2021-02-21 23:15:04,7,58
1412,Anna Griffey,2021-10-10 01:28:17,8,49
1413,Berna Grigorkin,2021-08-02 13:21:07,,103
1414,Anderea Grisard,2021-09-24 20:26:16,4,78
1415,Kari Grishechkin,2021-09-02 02:27:38,2,44
1416,Jacquette Grumell,2021-02-05 01:17:13,4,77
1417,Jeannette Grundey,2021-12-25 02:47:28,8,69
1418,Gilberta Gudgin,2022-02-12 09:56:21,7,37
1419,Hayward Gunton,2021-11-27 00:10:20,4,59
1420,Devon Habberjam,2021-10-19 18:48:33,1,31
1421,Merna Haddock,2021-02-13 09:52:15,7,75
1422,Monika Hadkins,2021-11-20 10:29:25,4,69
1423,Rozelle Hadleigh,2021-08-08 01:23:27,,108
1424,Jeana Hadlow,2021-07-31 00:51:12,8,78
1425,Brenn Hadye,2021-03-05 08:31:17,1,7
1426,Trumaine Halburton,2021-03-12 13:18:26,1,64
1427,Tara Halfhead,2021-06-23 22:34:51,2,56
1428,Kristofor Hallewell,2021-05-12 20:37:50,1,47
1429,Ashbey Halliburton,2021-03-29 08:49:43,6,20
1430,Zed Hallowes,2021-08-31 05:39:43,8,159
1431,Vyky Hammerberger,2021-09-16 07:21:28,5,60
1432,Jerrine Hammerson,2022-01-20 22:47:27,,98
1433,Aarika Hantusch,2021-11-04 23:49:53,4,91
1434,Bernadina Hanwell,2021-09-11 00:27:03,9,5
1435,Eleanora Haquin,2021-10-10 03:18:10,4,79
1436,Chanda Hastilow,2021-10-20 12:39:47,6,64
1437,Alwin Haugen,2021-08-28 21:30:46,3,59
1438,Nanine Haverson,2021-09-21 11:01:18,4,38
1439,Florie Haxby,2021-11-27 14:14:20,12,107
1440,Oren Hayball,2021-04-30 15:56:51,5,111
1441,Irwin Haylett,2021-09-08 15:10:49,6,60
1442,Hale Headings,2021-02-07 17:53:58,6,62
1443,Cherey Heazel,2022-01-18 23:00:54,4,50
1444,Jacenta Hegden,2021-09-21 15:57:18,8,74
1445,Gilles Heino,2021-09-09 23:54:01,12,119
1446,Risa Heinrici,2021-11-18 21:46:42,6,48
1447,Midge Held,2021-10-28 15:25:45,7,43
1448,Greg Hellmore,2021-04-01 04:19:05,5,42
1449,Emory Helmke,2021-03-16 06:56:02,7,44
1450,Loise Hembling,2021-08-30 21:22:26,8,55
1451,Avrit Hendonson,2021-02-24 02:15:31,11,31
1452,Truman Henniger,2021-02-09 16:22:58,8,66
1453,Liz Henrichsen,2022-02-10 03:35:50,5,64
1454,Gilda Heritege,2021-12-20 16:14:04,6,122
1455,Rodge Hernik,2022-01-30 00:17:44,4,31
1456,Rivi Hiley,2021-03-31 09:56:30,3,78
1457,Marcelline Hillaby,2021-11-20 06:31:58,9,73
1458,Norean Hobbing,2021-12-04 17:35:48,7,22
1459,Maisey Hobgen,2021-03-18 17:03:53,9,88
1460,Melva Hofer,2021-02-24 04:11:44,10,75
1461,Alfi Holberry,2021-10-31 02:58:11,8,54
1462,Correna Horsfield,2021-03-02 12:02:36,2,47
1463,Shell Houdhury,2022-01-04 17:20:18,,50
1464,Fanchette Hounsom,2021-08-26 12:16:02,8,81
1465,Hamnet Hubane,2022-01-24 07:09:01,7,78
1466,Chandler Huby,2021-10-09 22:10:46,5,74
1467,Sully Huc,,8,148
1468,Leela Hurd,2021-05-25 08:41:00,6,92
1469,Shelby Hurlin,2022-01-14 23:53:12,5,79
1470,Lianne Huxton,2021-02-08 00:15:19,5,74
1471,Ethelda Iacomi,2021-02-07 23:47:52,1,49
1472,Payton Iacopini,2021-11-05 03:06:42,6,53
1473,Berk Iacovelli,2021-04-22 07:55:22,3,24
1474,Calhoun Iacovolo,2021-03-06 03:02:20,7,
1475,Lebbie Ibanez,2021-10-25 18:25:28,10,37
1476,Friedrich Ilyas,2021-04-18 12:50:40,6,94
1477,Loella Ilyinykh,2021-02-08 09:30:15,6,147
1478,Tersina Inchbald,2021-11-03 20:59:18,10,47
1479,Doria Ingleson,2021-06-15 16:20:40,8,83
1480,Brena Ingrem,2021-05-29 11:44:01,7,59
1481,Eileen Ireland,2021-08-05 14:24:07,3,98
1482,Emmalynn Issatt,2021-12-08 16:54:02,4,75
1483,Paco Ivain,,5,41
1484,Arlene Jack,2021-12-19 14:53:27,5,42
1485,Hill Jagoe,2022-02-14 23:50:27,6,85
1486,Joanie Jahner,2021-05-02 09:50:24,7,139
1487,Fanechka Jakubczyk,2021-02-13 07:59:01,3,57
1488,Samantha James,2021-09-11 11:12:45,7,48
1489,Arabelle Jamson,2021-06-19 02:27:07,2,25
1490,Mathew Janczak,2021-05-02 20:01:12,4,63
1491,Liane Janicek,2021-08-17 22:56:06,6,108
1492,Lesya Janjusevic,2021-05-15 15:39:19,4,102
1493,nan,2021-03-20 10:48:47,10,153
1494,Fredericka Jarmain,2021-08-25 04:03:09,5,58
1495,Seth Jeffree,2021-03-31 19:15:51,6,29
1496,Carissa Jeffrey,2021-03-01 20:13:38,5,101
1497,Teddi Jeffrey,2021-10-11 14:30:13,11,81
1498,Teriann Jell,2022-01-10 08:28:43,4,61
1499,Holly Jellard,2021-09-29 00:53:42,6,118
1500,Audrye Jendrys,2021-04-08 02:27:08,4,57
1501,Adaline Jephcote,2021-09-16 03:17:23,4,5
1502,Myrtle Johanning,2021-04-20 03:33:22,8,50
1503,Anjanette Johansson,2021-10-28 11:48:58,6,85
1504,Avrit Jopling,2021-07-10 20:34:54,9,33
1505,Andi Josey,2021-04-20 22:42:20,6,51
1506,Joye Josse,2021-10-02 07:13:19,4,45
1507,Nonie Josuweit,2021-11-18 06:31:35,6,46
1508,Tommy Jouannisson,2021-04-26 12:30:00,11,92
1509,Tiphanie Joyce,2022-01-19 21:11:05,6,69
1510,Zelda Juara,2021-03-07 20:24:50,4,54
1511,Cecilia Julien,2021-07-31 06:10:51,3,49
1512,Malia Juszczak,2021-08-26 07:18:58,7,51
1513,Garald Kaes,2022-02-18 16:34:19,4,57
1514,Francis Kamenar,2021-10-19 09:21:42,8,25
1515,Stephenie Karolowski,2021-12-04 04:16:48,3,111
1516,Kerry Keatley,2021-10-08 02:32:38,8,137
1517,Falito Keepe,2021-06-10 21:42:06,2,78
1518,Cassandra Kellegher,2021-02-20 22:20:53,10,80
1519,Perkin Kelson,2021-04-29 05:20:41,2,62
1520,Kial Kemer,2021-12-22 01:59:59,8,79
1521,Paulita Kemet,2021-11-26 12:59:46,9,70
1522,Gina Kenan,2021-10-28 19:05:53,8,86
1523,Darelle Kenaway,2021-05-08 10:51:07,7,
1524,Jacenta Kender,2021-08-07 04:31:22,8,62
1525,Maiga Kenningley,2021-03-03 10:46:50,8,96
1526,Vivie Kensitt,2021-12-01 17:32:31,9,58
1527,Maxy Kerner,2021-02-23 14:16:05,7,61
1528,Doyle Kettlestringes,2021-03-20 08:53:56,11,17
1529,Deena Kew,2021-10-06 06:06:47,5,68
1530,Jacques Keynd,2022-01-17 03:31:09,6,41
1531,Daune Kid,2022-02-10 12:32:39,7,92
1532,Alfreda Kiddye,2021-07-20 16:08:08,1,56
1533,Tiertza Killingworth,2022-02-04 20:16:06,3,86
1534,Rex Kinghorne,2021-10-06 12:49:28,4,117
1535,Jorry Kinig,2021-07-07 12:56:22,3,96
1536,Mellicent Kinnard,2021-08-16 06:41:51,2,50
1537,Marya Kirman,2022-01-16 21:23:39,8,126
1538,Rafferty Kleinhaus,2021-09-27 21:27:53,2,108
1539,Grace Klimaszewski,2021-04-25 00:25:51,8,83
1540,Chrysler Kobera,2021-03-25 08:08:41,5,68
1541,Jennie Kopje,2022-01-18 17:10:17,5,46
1542,Dewie Koppel,2022-02-08 04:57:10,7,36
1543,Melodie Kordt,2021-07-11 16:41:31,3,133
1544,Curr Kropp,2021-04-25 22:43:01,9,139
1545,Allan Kruger,2022-01-24 08:26:50,5,52
1546,Zack Kubacek,2021-10-03 02:40:41,8,42
1547,Kirsteni Kubicki,2021-09-03 16:49:39,6,79
1548,Pegeen Lafrentz,2021-06-18 15:20:18,6,43
1549,Antonina Lakeland,2021-08-24 04:50:51,3,21
1550,Ellene Lamperd,2021-04-24 10:10:48,3,31
1551,Lind Landrick,2021-04-05 22:11:47,7,85
1552,Quintus Lawden,2021-04-25 22:30:37,5,131
1553,Bobette Lawlan,2022-02-02 23:14:26,9,68
1554,Eziechiele Lawton,2021-03-04 11:31:49,6,15
1555,Annabella Le Floch,2022-01-07 05:21:00,3,79
1556,Giff Leaning,2021-08-29 06:02:42,7,9
1557,Kamila Leate,2021-05-04 10:13:08,8,34
1558,Avivah Leber,2021-07-21 15:53:26,6,68
1559,Woodman Leeds,2022-01-05 10:20:17,12,61
1560,Zena Lees,2021-11-06 07:15:24,2,50
1561,Saxon Lehmann,2021-10-28 18:29:31,3,
1562,Letisha Leicester,2021-08-31 16:37:15,6,64
1563,Sharona Leipelt,2021-08-25 02:46:44,7,152
1564,Pietro Lemmertz,2021-05-01 17:41:48,11,30
1565,Karen Leversha,2021-07-27 20:45:40,5,60
1566,Ingrim Libreros,2021-12-08 11:57:56,9,57
1567,Annabelle Liddel,2021-11-29 20:23:23,8,46
1568,Jody Liffey,2021-04-14 13:41:44,3,47
1569,Newton Liggins,2021-08-12 07:28:19,6,45
1570,Cati Limpenny,2021-02-05 10:51:00,2,72
1571,Saraann Lindenberg,2021-11-28 02:28:40,10,73
1572,Bethena Lindenstrauss,2021-04-23 09:48:13,9,65
1573,Hynda Lippiello,2021-08-29 01:59:39,6,74
1574,Laura Liversedge,2021-10-04 16:28:21,8,19
1575,Edgard Lopez,2021-05-29 10:26:15,6,15
1576,Noak Lording,2021-11-18 00:52:33,7,84
1577,Kenneth Lorey,2022-01-05 10:19:42,10,63
1578,Garfield Loton,2022-01-14 05:54:04,7,49
1579,Deane Lovemore,2021-03-31 04:27:17,7,38
1580,Eugenio Low,2021-04-05 19:25:24,8,71
1581,Gris Loxton,2022-01-07 06:42:22,10,73
1582,Adams Luisetti,2021-08-10 11:06:19,3,109
1583,Chrotoem Lunam,2021-11-04 09:51:55,8,55
1584,Renado Lyne,2021-04-23 15:58:47,7,50
1585,Sonja MacAllen,2021-07-01 04:36:39,12,52
1586,Roanne MacColl,2021-07-25 01:23:13,2,12
1587,Deina MacFaell,2021-06-30 11:28:53,5,40
1588,Gabriell MacGebenay,2021-10-18 12:14:36,12,77
1589,Emmeline MacGrath,2021-12-12 04:57:39,11,
1590,Niven Mackrell,2021-05-17 07:18:48,,85
1591,Antonia MacLice,2021-12-27 01:34:52,2,59
1592,Anni MacMakin,2021-04-20 12:17:27,9,71
1593,Ruthi MacTavish,2021-09-11 16:28:28,5,28
1594,Vinny Magovern,2021-03-18 22:07:38,9,93
1595,Charita Magrane,2021-10-12 22:01:00,5,20
1596,Noble Magson,2021-06-04 01:46:24,4,127
1597,Rahal Malitrott,2021-03-17 11:36:22,9,32
1598,Hope Malkinson,2021-03-10 23:26:15,4,25
1599,Chrystal Maloney,2021-12-12 14:46:11,6,49
1600,Niels Malt,2021-05-03 08:55:24,5,93
1601,Vincents Marciek,2021-09-08 17:09:48,6,83
1602,Gamaliel Markie,2021-08-29 14:31:30,9,124
1603,Zulema Markus,2021-07-29 04:57:18,8,37
1604,Trace Marshal,2021-11-19 08:02:23,4,39
1605,Matteo Martensen,2021-07-12 23:31:13,5,114
1606,Mitzi Martinetto,2021-08-21 09:29:56,8,49
1607,Inglis Masding,2021-08-25 10:07:55,3,93
1608,Rita Massimo,2021-06-19 12:52:29,4,72
1609,Doyle Matei,2021-10-09 23:59:20,10,97
1610,Andreas Mathis,2021-12-01 00:02:41,5,38
1611,Hill Matterdace,2021-08-25 22:24:12,7,22
1612,Jazmin Mattiato,2021-08-07 05:23:59,4,52
1613,Sigrid Matysik,2022-02-15 21:20:01,,143
1614,Shawn Maun,2021-12-13 17:34:03,3,78
1615,Jillana Mayze,2021-06-12 05:50:40,6,82
1616,Emlen McAless,2021-09-02 02:03:36,4,45
1617,Valenka McCaghan,2021-12-26 16:39:06,3,47
1618,Hasheem McCahill,2021-10-13 13:06:05,10,75
1619,Karlene McCallister,2021-07-04 21:23:44,5,60
1620,Cilka McCory,2021-08-15 02:44:41,10,96
1621,Sheri McCoveney,2021-05-08 05:22:33,3,121
1622,Dodie McCrae,2021-03-14 09:53:53,3,72
1623,Hubert McCraw,2022-01-04 17:42:48,6,33
1624,Stearne McCudden,2021-11-10 05:00:20,2,41
1625,Toddy McFee,2021-04-28 00:16:29,2,68
1626,Maribeth McGiffie,2021-04-06 18:16:06,1,150
1627,Deanne McHarry,2021-11-19 09:36:41,3,106
1628,Adan McMurray,2021-12-19 13:16:46,9,81
1629,Goldia McNirlan,2021-11-07 06:24:02,10,88
1630,Adler McPhillips,2021-07-18 04:20:02,9,71
1631,Yettie McRobert,2021-11-12 14:12:30,10,98
1632,Loree Mendez,2022-02-16 08:39:30,5,35
1633,Charline Meran,2021-09-19 15:49:14,5,80
1634,Duff Mertel,2021-12-10 01:40:03,5,149
1635,Winne Mewton,2021-06-03 02:26:49,9,47
1636,Adair Middle,2021-12-18 18:21:44,5,102
1637,Serena Milburne,2021-06-08 19:19:29,2,117
1638,Revkah Miles,2021-04-11 08:45:42,5,103
1639,Candis Millam,2021-02-04 08:09:56,4,49
1640,Auguste Minards,2021-04-09 17:40:07,7,59
1641,Muffin Monahan,2021-08-26 17:59:42,5,133
1642,Ronda Montel,2022-02-18 11:53:32,6,15
1643,Andi Morcomb,2021-10-30 16:13:54,6,96
1644,Bjorn Morican,2021-07-26 23:50:08,6,81
1645,Hedvige Morter,2021-02-05 01:19:11,5,100
1646,Shelagh Mossman,2021-09-27 15:35:59,5,31
1647,Flori Mowatt,2022-01-27 19:23:12,9,140
1648,August Mower,2021-05-08 12:36:31,4,29
1649,Karina Mowett,2021-05-12 13:10:15,9,108
1650,Callida Mulcock,2021-09-08 15:11:04,6,50
1651,Shirlee Muldrew,2021-09-27 11:14:02,1,36
1652,Corabel Muncie,2021-11-17 14:28:16,7,92
1653,Catlee Mundie,2021-10-08 22:28:59,11,34
1654,Gloria Muzzini,2021-06-19 03:05:48,9,67
1655,Juliette Myrick,2021-11-29 13:22:57,8,94
1656,Fayina Nalder,2021-07-15 22:42:57,3,35
1657,Gawen Narraway,2021-10-06 13:28:02,2,18
1658,Valeria Nasi,2021-07-30 11:00:26,12,55
1659,Tailor Natte,2021-12-29 00:43:35,8,92
1660,Beaufort Navarre,2021-09-01 01:18:37,2,78
1661,Winnie Nayer,2021-02-16 19:23:07,8,108
1662,Ingunna Neads,2022-02-04 17:23:50,3,54
1663,Catha Neeson,2021-11-04 12:54:19,3,76
1664,Meara Neggrini,2021-08-10 11:12:53,7,65
1665,Noah Neno,2021-08-31 16:10:47,4,68
1666,Rad Nickols,2021-04-06 02:41:00,6,40
1667,Jinny Nissle,2021-10-08 18:12:40,10,158
1668,Larry Nobes,2021-09-16 01:10:45,6,174
1669,Shannan Nolleau,2021-02-23 18:13:10,8,57
1670,Cordelia Nolton,2021-12-27 06:46:11,10,73
1671,Ernaline Norcutt,2021-12-09 07:06:19,5,148
1672,Windham Northcote,2021-05-09 01:14:51,5,55
1673,Cosette Norwich,2022-01-15 02:19:34,5,45
1674,Marita Norwood,2021-06-20 17:40:30,7,84
1675,Roxanna Novis,2021-10-13 12:19:36,2,175
1676,My Nucciotti,2021-12-30 10:24:40,11,48
1677,Karel Nutty,2021-04-21 07:40:11,8,48
1678,Rhonda O'Boyle,2021-12-16 01:57:07,5,82
1679,Aguste O'Cridigan,2021-05-24 20:06:57,5,122
1680,Werner O'Farrell,2021-04-24 12:53:43,5,90
1681,Janek O'Garmen,2021-08-07 11:01:52,8,62
1682,Noemi O'Hingerty,2022-01-28 13:25:09,11,57
1683,Fidel O'Keefe,2021-08-28 21:27:34,6,49
1684,D'arcy O'Kinneally,2021-07-01 14:02:42,7,3
1685,Bruno O'Leahy,2022-01-16 19:23:39,7,19
1686,Bessy Oakeby,,4,53
1687,Evaleen Obin,2021-12-08 10:40:18,12,96
1688,nan,2022-01-20 19:51:12,11,100
1689,Jacquelin Ofen,2021-04-05 13:47:36,10,42
1690,Sarene Ogdahl,2021-10-29 15:50:09,8,105
1691,Benedetto Olczyk,2021-12-12 15:14:57,8,48
1692,Algernon Oldall,2021-04-20 16:57:46,7,86
1693,Rebeca Oldred,2022-02-05 05:38:16,6,73
1694,Fergus Oleszcuk,2021-05-21 01:38:27,7,62
1695,Gillan Ollivierre,2021-04-19 06:09:16,4,104
1696,Evered Oluwatoyin,2021-05-09 13:06:04,4,56
1697,Sumner Omand,2021-03-17 01:09:33,7,53
1698,Daloris Oneal,2021-05-12 16:08:02,3,57
1699,Nettle Opdenorth,2021-06-17 21:44:49,10,16
1700,Amos Orbell,2021-08-16 10:13:06,8,38
1701,Clarie Ordemann,2021-08-31 16:56:37,6,25
1702,Ettore Orgel,2021-05-21 01:13:45,7,113
1703,Ahmed Orrum,2022-01-01 01:11:48,7,55
1704,Linell Ort,2022-02-03 14:58:21,5,66
1705,Bonita Ortiga,2021-10-09 06:43:41,8,100
1706,Valentina Oslar,2021-11-06 18:12:29,4,118
1707,Berty Osmar,2021-07-17 11:39:45,5,21
1708,Charles Ostridge,2021-08-04 20:40:38,5,73
1709,Nev Ough,2021-02-22 15:37:40,3,78
1710,Augusto Oulett,2021-07-28 04:08:09,3,83
1711,Andra Owbrick,2021-07-14 11:32:38,8,67
1712,Cathrin Paffitt,2021-05-20 07:20:04,10,154
1713,Isa Pagelsen,2021-07-23 15:23:37,5,51
1714,Mala Pales,2021-05-04 04:52:48,,70
1715,Isobel Pallaske,2021-12-21 03:04:31,7,85
1716,Evered Palmer,2021-07-04 11:45:42,7,72
1717,Marcelo Parramore,2021-04-03 22:41:04,8,62
1718,Berty Parren,2021-10-25 16:46:28,8,78
1719,Delmer Pash,2021-09-15 05:06:53,3,70
1720,Shaine Pauel,2021-03-10 08:59:47,3,137
1721,Marge Paulisch,2021-07-17 20:48:43,1,109
1722,Cherilynn Paull,2021-10-21 09:58:04,3,82
1723,Alexandrina Pavlenko,2022-01-27 17:35:44,2,74
1724,Bliss Pedrozzi,2021-07-19 01:26:16,10,80
1725,Tomas Peele,2021-08-14 00:19:33,7,106
1726,Leigh Penhallurick,2021-07-24 16:19:53,4,149
1727,Raynor Peniello,2021-10-12 13:21:06,7,68
1728,Kelwin Pennings,2021-07-29 22:03:28,2,46
1729,Milty Pennings,2021-06-09 11:44:08,4,88
1730,Rodolphe Peschka,2021-06-18 08:04:32,4,9
1731,Maynord Pester,2022-01-19 13:42:28,4,175
1732,Cyrille Pettipher,2022-02-11 05:14:27,9,65
1733,Parsifal Pevreal,2021-02-19 11:37:58,5,148
1734,Rock Pezey,2021-12-30 11:42:43,2,61
1735,Chrissie Philbin,2021-06-30 17:27:15,10,64
1736,Chalmers Phillipp,2021-05-29 22:18:33,2,62
1737,Kissiah Phizakarley,2021-05-19 05:03:28,6,19
1738,Ettore Piccard,2021-11-30 14:24:17,1,54
1739,Rafael Pickering,2021-02-02 16:34:47,7,58
1740,Jonie Pieterick,2021-09-21 20:10:08,5,91
1741,Malachi Pietroni,2022-01-13 08:58:21,11,57
1742,Wadsworth Pigeon,2021-09-09 07:15:17,9,113
1743,Georg Pigney,2021-10-31 16:51:12,4,25
1744,Jilli Pilcher,2022-02-10 11:47:45,8,51
1745,Mickie Piletic,2021-05-06 21:16:22,5,69
1746,Lorette Pinson,2021-08-02 16:46:36,6,69
1747,Lettie Pires,2021-03-15 12:22:30,7,67
1748,Indira Pirozzi,2021-10-28 03:07:10,1,131
1749,Roseanne Pitkeathley,2022-02-14 00:13:48,12,103
1750,Alidia Playden,2021-12-23 12:38:00,11,11
1751,Zarah Plott,2022-01-30 04:03:58,6,37
1752,Dennet Plumridge,2021-10-08 03:28:08,11,49
1753,Victoria Pontain,2021-02-07 16:29:45,2,23
1754,Aldis Pottes,2021-09-07 22:00:56,2,96
1755,Cass Poynser,2021-05-25 17:39:37,2,69
1756,Rickie Prati,2021-09-10 02:16:45,6,95
1757,Patrizio Presswell,2021-07-08 20:56:14,4,91
1758,Dyanne Prestney,2021-06-11 00:56:42,4,65
1759,Stern Prichard,2021-05-14 13:25:51,6,120
1760,Giuditta Prince,2021-07-20 03:00:34,9,96
1761,Adi Priscott,2021-05-23 19:21:04,11,130
1762,Frank Prop,2021-09-26 15:46:49,7,59
1763,Rozella Purvess,2021-07-27 21:55:10,7,79
1764,Nancee Pybus,2021-07-29 04:51:22,3,119
1765,Rosemary Pyson,2021-02-23 04:36:02,4,79
1766,Constantina Queste,2021-05-31 05:31:53,8,82
1767,Heinrik Rae,2022-01-01 04:57:08,4,76
1768,Moises Rainy,2021-07-02 05:17:36,10,76
1769,Alena Raison,2021-02-08 01:15:16,4,22
1770,Ally Rakes,2021-09-11 02:00:56,12,73
1771,Theo Ralston,2021-06-14 11:21:57,2,34
1772,Loralyn Ramsden,2021-02-20 18:13:06,12,73
1773,Eloisa Rannald,2021-11-16 02:34:50,5,112
1774,Agata Raspison,2022-01-16 17:56:33,8,129
1775,Clarice Ravenscroftt,2021-07-10 10:31:57,3,27
1776,Cele Rayne,2022-01-22 02:19:51,4,61
1777,Milo Reach,2021-05-15 07:32:38,6,66
1778,Ross Reardon,2021-11-29 15:13:22,5,30
1779,Darwin Reaveley,2021-03-07 15:25:52,10,22
1780,Annabelle Reilly,,6,46
1781,Junina Rembaud,2022-02-17 00:01:13,6,22
1782,Risa Revance,2022-01-01 21:41:23,8,91
1783,Herve Ribeiro,2021-05-13 14:01:00,8,90
1784,Selby Ribeiro,2021-12-23 02:20:02,6,89
1785,Torey Richardin,2021-05-31 15:18:58,1,59
1786,Virgie Rickert,2021-11-16 18:03:24,5,72
1787,Flossi Rillett,2021-02-03 03:35:09,6,139
1788,Christie Rilston,2021-06-24 20:52:53,8,154
1789,Jennine Rilton,2021-04-22 20:43:42,6,25
1790,Emmie Rippingale,2022-02-18 18:02:41,3,119
1791,Theda Rittelmeyer,2021-08-25 20:47:09,6,59
1792,Hetty Robilliard,2022-01-21 11:08:04,2,34
1793,Shanna Robion,2021-05-31 09:02:52,9,73
1794,Loise Romei,2021-05-10 05:56:39,3,115
1795,Bonny Ropking,2021-06-20 14:36:13,8,65
1796,Roxane Roswarn,2021-03-31 02:28:56,8,129
1797,Rudie Rouchy,2021-10-01 06:16:46,4,73
1798,Bridie Rowan,2021-07-24 13:15:28,3,36
1799,nan,2021-03-10 07:35:09,8,111
1800,Karylin Rubinivitz,2021-08-12 18:49:22,6,66
1801,Ursala Rubinsohn,2021-08-09 12:04:53,7,81
1802,Kelley Rudolfer,2021-05-17 22:42:27,9,86
1803,Vivyanne Ruit,2021-10-05 13:00:27,10,60
1804,Gracia Ruit,2021-09-18 23:55:01,4,64
1805,Rudie Rusted,2022-01-12 11:59:08,4,65
1806,Barth Rutter,2021-05-10 22:10:37,7,38
1807,Emmet Rycroft,2021-07-02 23:16:42,8,155
1808,Electra Sabbins,2021-11-08 10:37:37,7,46
1809,Krishnah Sacher,2022-02-13 04:03:01,2,76
1810,Lia Saenz,2022-02-01 01:51:26,9,38
1811,Georgeanna Saggs,2021-09-21 16:23:23,3,82
1812,Izzy Saintpierre,2021-12-05 06:48:48,3,123
1813,Betty Sambiedge,2021-03-04 17:54:57,8,132
1814,Theodore Sammut,,6,86
1815,Lucian Samter,2022-01-29 01:13:55,7,106
1816,Caralie Sapseed,2021-08-25 16:20:38,8,116
1817,Virge Sarver,2022-01-21 12:23:15,3,93
1818,Yancy Savaage,2021-03-08 16:17:01,4,55
1819,Winnah Savage,2022-01-11 22:50:26,6,60
1820,Myrna Sawden,2021-04-20 21:32:34,6,105
1821,Lindsay Sayre,2021-08-10 08:04:48,2,35
1822,Ericha Schapero,2021-07-12 05:53:34,5,61
1823,Barr Schindler,2021-11-23 12:25:15,5,77
1824,Kaitlynn Schleswig-Holstein,2021-04-18 15:11:19,5,107
1825,Daisi Schwartz,2021-06-18 01:07:26,6,82
1826,Holly Scoffins,2021-05-05 21:10:33,10,32
1827,Opalina Scopyn,2021-12-24 00:11:19,10,68
1828,Rickey Scotsbrook,2021-06-01 01:35:52,1,125
1829,Cory Scragg,2021-11-15 09:24:55,3,113
1830,Charla Scroxton,2021-11-23 17:02:47,5,143
1831,Christabella Searby,2021-10-22 16:30:46,2,21
1832,Letta Search,2021-10-29 02:35:02,9,40
1833,Essa Seddon,2022-02-12 16:37:52,5,57
1834,Kurtis Semarke,2021-08-26 07:52:05,7,154
1835,Coleman Semble,2021-09-15 03:08:03,4,52
1836,Jorgan Semechik,2022-02-17 20:01:00,8,100
1837,Wilton Serridge,2021-08-05 03:41:35,9,22
1838,Sheeree Seston,2022-01-23 19:30:31,5,12
1839,Camille Seymour,2022-02-02 23:11:47,6,9
1840,Haily Shackelton,2021-06-02 23:40:43,6,65
1841,Burlie Shakespeare,2021-12-16 15:07:37,7,55
1842,Lelah Shaughnessy,2021-09-14 01:55:50,6,52
1843,Julio Sheavills,2021-12-26 12:06:57,6,156
1844,Agnesse Sheber,2021-04-15 14:17:58,5,18
1845,Knox Sherbrooke,2021-07-07 13:25:43,10,133
1846,Rouvin Sherrett,2021-05-07 18:31:10,11,32
1847,Myrtia Shervington,2021-12-01 22:21:26,3,150
1848,Randolph Shorbrook,2021-10-09 10:12:36,7,52
1849,Melina Shotter,2021-05-13 12:00:46,11,34
1850,Chryste Sibylla,2021-05-28 06:27:59,7,172
1851,Karna Sigward,2021-07-02 22:00:33,3,146
1852,Titus Sikorski,2021-04-19 05:42:07,10,102
1853,Meryl Sillick,2021-05-25 23:05:12,2,145
1854,Normie Simcock,2021-12-24 00:47:20,5,65
1855,Hanna Simek,2021-11-14 17:36:26,5,53
1856,Quinta Simonds,2021-05-06 08:05:22,2,71
1857,Joyann Simonnin,2022-02-02 00:53:43,12,110
1858,nan,2021-06-28 03:01:01,6,144
1859,Saree Skaif,2021-08-26 09:56:13,11,80
1860,Marin Slipper,2022-02-08 10:39:02,4,
1861,Ferdinanda Slocomb,2021-09-08 19:08:49,5,70
1862,Yoko Sloegrave,2021-06-05 01:00:09,1,87
1863,Rafferty Smalls,2021-05-16 04:14:22,4,104
1864,Alane Smither,2021-12-30 17:18:24,6,115
1865,Sebastian Smithin,2021-04-24 16:53:18,8,55
1866,Nessie Snepp,2021-06-30 07:29:57,6,47
1867,Betsey Sockell,2021-03-23 13:05:34,10,71
1868,Josefina Sofe,2021-06-24 16:10:06,10,49
1869,Cesaro Solomon,,6,66
1870,Baldwin Sommerlin,2021-12-26 08:05:10,3,81
1871,Toiboid Southon,2021-10-09 12:07:38,4,43
1872,Hedwig Sowrah,2021-02-25 06:29:29,3,78
1873,Aldous Spadelli,2021-11-11 15:57:19,10,151
1874,Lorettalorna Spellessy,2021-12-21 05:42:31,2,51
1875,Florencia Spence,2021-04-28 22:46:05,4,154
1876,Ignacio Spence,2021-04-02 03:56:39,1,136
1877,Tadio Spere,2021-06-05 14:51:06,5,92
1878,Billie Spikeings,2022-02-08 03:31:23,7,24
1879,Waylin Sponer,2021-07-19 10:35:56,10,157
1880,Lotti Spyer,2021-08-26 03:04:00,7,159
1881,Frederich Sreenan,2022-02-05 17:16:15,5,92
1882,Carleen Stafford,2021-05-04 05:57:27,12,119
1883,Batholomew Stammirs,2021-07-27 20:19:52,5,109
1884,Joey Stebbing,2021-11-30 04:47:29,10,64
1885,Lorne Stennes,2022-01-02 07:46:09,8,105
1886,Judy Sterzaker,2021-08-19 06:57:40,4,100
1887,Trudey Stickells,2021-03-26 18:34:03,4,58
1888,Willetta Stirtle,2021-07-26 05:22:04,5,141
1889,Sibylla Stittle,2021-10-10 03:10:42,4,53
1890,Carlina Stivani,2022-02-02 07:34:10,11,85
1891,Brandy Stoad,2021-06-03 22:18:40,8,129
1892,Thedrick Stock,2021-11-10 00:17:04,10,44
1893,Nertie Stoddard,2021-08-20 05:36:10,5,53
1894,Catina Stops,2021-12-05 15:55:10,6,91
1895,Adela Storms,2021-05-08 05:41:35,4,60
1896,Mata Streatfeild,2021-03-08 05:52:27,7,72
1897,Pasquale Stroton,2021-11-21 04:49:33,12,121
1898,Amye Stroulger,2021-02-19 17:55:13,7,57
1899,Helen-elizabeth Suckling,2021-09-19 23:55:34,9,133
1900,Darb Summersett,2021-07-02 15:03:10,3,36
1901,Hyacinthie Sushams,2021-06-02 04:54:47,10,73
1902,Diandra Swainsbury,2021-06-07 19:10:49,7,37
1903,Carolyn Sweed,2022-01-30 20:01:50,5,147
1904,Roi Swigger,2021-03-20 03:39:18,9,56
1905,Lib Swinden,2021-11-04 12:40:34,8,34
1906,Currie Syder,2022-01-14 06:07:24,2,58
1907,Maurizio Symons,2021-03-22 23:25:55,2,37
1908,Roxy Syne,2021-12-06 20:53:55,7,58
1909,Zebedee Szymanzyk,2021-12-30 20:25:03,10,59
1910,Bar Taggert,2021-12-03 14:58:09,10,75
1911,Darill Tant,2022-02-18 23:51:51,9,124
1912,Ottilie Tapply,2021-04-19 02:35:41,6,157
1913,Moll Tasch,2021-08-16 22:46:13,12,86
1914,Freeman Telezhkin,2021-02-04 09:53:52,4,105
1915,Hyatt Tellenbrok,2022-01-11 13:51:35,6,151
1916,Nanon Temblett,2021-10-06 18:49:57,6,45
1917,Gaby Terne,2021-11-27 18:01:33,8,56
1918,Brooke Thornbarrow,2021-03-18 23:30:58,2,121
1919,Bobbie Threadgould,2022-01-09 21:33:32,11,118
1920,Herculie Thrush,2022-02-03 13:41:48,6,86
1921,Dion Tilburn,2021-09-14 08:25:13,11,28
1922,Vincents Tillot,2021-05-24 16:01:27,1,85
1923,Gill Tomasek,2021-04-21 02:49:22,4,52
1924,Brunhilde Toogood,2021-11-05 12:57:16,3,57
1925,Cary Tothe,,3,104
1926,Kath Tott,2021-11-20 12:48:00,3,44
1927,Lamond Trevarthen,2021-08-14 04:24:42,3,67
1928,Leroi Trump,2021-07-19 05:22:51,8,60
1929,Antonin Truter,2021-06-02 12:21:45,2,69
1930,Jorrie Trytsman,2021-04-02 22:45:06,1,93
1931,Wilhelmine Tully,2021-07-30 06:05:42,4,138
1932,Celeste Tures,2021-02-07 22:14:01,4,55
1933,Albrecht Tweedy,2021-07-30 02:42:19,8,57
1934,Spence Twinbourne,2021-10-04 19:42:20,3,105
1935,Noelle Tythacott,2022-02-10 06:03:40,12,116
1936,Nelly Tzarkov,2021-10-03 19:08:31,7,34
1937,Rikki Uccelli,2021-03-26 20:41:40,9,58
1938,Gillie Ulyatt,2021-08-28 23:00:16,12,14
1939,Keeley Ungaretti,2021-06-09 23:54:57,11,113
1940,Klara Valeri,2022-02-20 21:35:29,8,65
1941,Jennee Van der Merwe,2021-12-03 21:34:36,7,114
1942,Joaquin Vanyashin,2021-11-29 11:54:05,4,44
1943,Samson Vasishchev,2021-03-07 18:20:04,11,93
1944,Rhonda Vasnetsov,2021-05-04 21:22:06,6,31
1945,Lavinie Vearncomb,2021-05-11 14:47:22,1,47
1946,Ellsworth Veasey,2021-05-23 06:27:20,11,64
1947,Paton Veazey,2021-07-30 09:44:21,11,153
1948,Alexandre Vedyasov,2021-02-20 20:57:48,1,131
1949,Guinevere Vedyasov,2021-03-04 12:07:57,7,29
1950,Devy Verny,2021-11-04 22:27:36,5,58
1951,Beaufort Verny,2022-01-01 13:12:27,7,110
1952,Krisha Vero,2022-01-01 23:48:50,6,58
1953,Garwood Verralls,2022-02-07 23:05:05,10,76
1954,Vevay Vice,2022-01-04 20:14:24,10,8
1955,Shena Vinall,2021-08-16 21:25:08,12,52
1956,Brena Vogelein,2022-01-06 03:39:27,6,59
1957,Jud Vogt,2021-04-27 11:28:21,9,50
1958,Esdras Voysey,2022-01-30 12:36:20,7,95
1959,Marylinda Wakeman,2022-01-04 23:18:04,12,62
1960,Daphene Walkey,2021-09-13 14:37:43,7,56
1961,Lionello Walthall,2022-02-12 05:19:44,7,88
1962,Guinna Walworche,2022-02-07 04:04:34,6,74
1963,Stevie Wapol,2021-11-27 15:01:22,10,86
1964,Baldwin Warlowe,2021-11-05 04:46:59,5,44
1965,Lita Watkiss,2021-04-10 00:47:56,3,62
1966,Gertrud Weaben,2022-02-02 10:24:52,1,119
1967,Jessee Welbeck,2021-10-17 17:04:58,7,41
1968,Gunar Wheatcroft,2021-06-13 12:10:28,2,67
1969,Dulcea Whinray,2021-10-23 15:12:49,2,61
1970,Eadith Whitington,2021-08-08 06:06:40,8,101
1971,Katherina Whitton,2021-12-17 17:49:37,8,26
1972,Bridgette Wickey,2021-09-12 18:31:04,1,51
1973,Stanleigh Willans,2022-02-12 05:06:22,5,131
1974,Hewet Willarton,2021-06-17 20:27:34,5,128
1975,Gina Wilton,2021-11-15 16:17:51,9,40
1976,Gerrard Windmill,2021-03-10 08:19:27,6,74
1977,Tremain Withnall,2021-03-16 01:52:49,8,72
1978,Harwilll Wogden,2021-08-23 11:30:08,2,117
1979,Marney Wolfart,2021-12-13 02:36:36,8,44
1980,Crystal Wollen,2022-01-27 11:51:29,9,81
1981,Hadlee Woodard,2021-04-29 00:00:37,7,105
1982,Kermy Woofinden,2021-06-23 20:56:05,9,91
1983,Felicia Wooldridge,2021-08-09 04:54:47,9,80
1984,Violette Woollin,2021-08-03 10:11:53,4,55
1985,Erena Wornum,2022-01-07 13:13:18,2,97
1986,Starla Wreiford,2021-04-24 14:10:15,4,148
1987,Shaina Wyldish,2021-12-13 10:05:09,,102
1988,Danya Wyre,2021-10-12 03:46:10,8,36
1989,Sherrie Yakovliv,2021-10-12 01:14:30,8,74
1990,Claudian Yandell,2022-01-24 14:38:23,5,63
1991,Alissa Yanukhin,2022-01-13 12:54:26,7,99
1992,Tad Yatman,2021-11-15 06:08:43,3,68
1993,Maggy Yaus,2021-04-11 12:51:33,7,80
1994,Hedi Yeowell,2022-01-07 06:21:37,5,18
1995,Goran Yong,2021-08-22 21:57:53,2,83
1996,Cirstoforo Youings,2021-04-01 17:48:42,3,23
1997,Wilek Yurkevich,2021-05-04 12:19:50,2,132
1998,Jerry Yven,2021-10-03 14:12:50,7,100
1999,Jerri Zebedee,2022-01-18 10:47:37,8,80
